threshold,slip_pt,full_trades,full_total_yen,full_avg_yen,full_winrate,full_maxdd_yen,full_pf,full_mar,train_trades,train_total_yen,train_avg_yen,train_winrate,train_maxdd_yen,train_pf,train_mar,test_trades,test_total_yen,test_avg_yen,test_winrate,test_maxdd_yen,test_pf,test_mar,post2020_trades,post2020_total_yen,post2020_avg_yen,post2020_winrate,post2020_maxdd_yen,post2020_pf,post2020_mar,roll1y_survive_pct,roll1y_profit_pct,roll1y_both_pct
0,0,3762,1822227,484.4,51.9,-99583,1.458,18.3,2447,445900,182.2,50.7,-99583,1.222,4.48,1315,1376327,1046.6,54.0,-57457,1.697,23.95,1557,1568665,1007.5,54.2,-57457,1.708,27.3,100.0,83.7,83.7
10,0,3560,1860617,522.6,52.3,-91077,1.49,20.43,2286,481783,210.8,50.9,-91077,1.257,5.29,1274,1378834,1082.3,54.6,-63551,1.717,21.7,1504,1572825,1045.8,54.8,-63551,1.73,24.75,100.0,87.6,87.6
20,0,3355,1856903,553.5,52.4,-85875,1.509,21.62,2121,460308,217.0,50.9,-85875,1.257,5.36,1234,1396596,1131.8,54.9,-55923,1.75,24.97,1457,1586549,1088.9,55.0,-55923,1.759,28.37,100.0,91.0,91.0
30,0,3158,1904820,603.2,53.0,-63599,1.548,29.95,1964,522936,266.3,51.8,-63599,1.316,8.22,1194,1381884,1157.4,55.0,-55923,1.759,24.71,1404,1585515,1129.3,55.3,-55923,1.782,28.35,100.0,93.4,93.4
40,0,2968,1911815,644.1,53.6,-64385,1.573,29.69,1803,550553,305.4,52.8,-64385,1.359,8.55,1165,1361262,1168.5,54.8,-55923,1.756,24.34,1363,1549238,1136.6,55.1,-55923,1.773,27.7,100.0,95.6,95.6
50,0,2782,1896973,681.9,53.9,-78037,1.591,24.31,1654,531513,321.4,53.0,-78037,1.366,6.81,1128,1365459,1210.5,55.2,-55923,1.776,24.42,1319,1557855,1181.1,55.4,-55923,1.797,27.86,100.0,94.6,94.6
60,0,2579,1909730,740.5,54.4,-62668,1.631,30.47,1496,559499,374.0,53.7,-62668,1.422,8.93,1083,1350231,1246.8,55.4,-55923,1.795,24.14,1264,1542325,1220.2,55.6,-55923,1.818,27.58,100.0,97.0,97.0
70,0,2411,1920641,796.6,54.4,-68694,1.667,27.96,1376,535261,389.0,53.4,-68694,1.423,7.79,1035,1385380,1338.5,55.7,-55923,1.857,24.77,1209,1572239,1300.4,55.8,-55923,1.873,28.11,100.0,97.8,97.8
80,0,2228,1891251,848.9,54.7,-83359,1.693,22.69,1230,511885,416.2,53.9,-83359,1.438,6.14,998,1379366,1382.1,55.7,-55923,1.883,24.67,1165,1553694,1333.6,55.9,-55923,1.891,27.78,100.0,96.5,96.5
90,0,2060,1887637,916.3,55.5,-73706,1.736,25.61,1104,514108,465.7,54.9,-73706,1.482,6.98,956,1373529,1436.7,56.2,-55923,1.918,24.56,1116,1527943,1369.1,56.2,-55923,1.912,27.32,100.0,99.2,99.2
100,0,1917,1907221,994.9,55.7,-55923,1.792,34.1,994,518767,521.9,54.8,-46732,1.542,11.1,923,1388454,1504.3,56.8,-55923,1.958,24.83,1068,1543809,1445.5,56.7,-55923,1.957,27.61,100.0,99.6,99.6
110,0,1775,1892207,1066.0,56.2,-65601,1.839,28.84,899,537067,597.4,55.7,-48880,1.624,10.99,876,1355140,1547.0,56.7,-65601,1.971,20.66,1012,1506049,1488.2,56.7,-65601,1.97,22.96,100.0,99.7,99.7
120,0,1640,1910115,1164.7,56.7,-65601,1.919,29.12,800,563724,704.7,56.7,-35082,1.752,16.07,840,1346391,1602.8,56.8,-65601,2.014,20.52,964,1487143,1542.7,56.6,-65601,2.005,22.67,100.0,100.0,100.0
130,0,1534,1872121,1220.4,56.9,-65601,1.95,28.54,725,530001,731.0,56.8,-35082,1.76,15.11,809,1342120,1659.0,57.0,-65601,2.054,20.46,924,1483424,1605.4,57.0,-65601,2.048,22.61,100.0,100.0,100.0
140,0,1435,1857126,1294.2,57.3,-65601,1.989,28.31,655,502142,766.6,56.7,-37149,1.763,13.52,780,1354983,1737.2,57.8,-65601,2.111,20.65,887,1488662,1678.3,57.6,-65601,2.095,22.69,100.0,100.0,100.0
150,0,1329,1866821,1404.7,58.1,-65601,2.065,28.46,580,532671,918.4,58.4,-24082,1.932,22.12,749,1334150,1781.2,57.9,-65601,2.129,20.34,849,1480443,1743.7,58.1,-65601,2.138,22.57,100.0,100.0,100.0
160,0,1227,1867008,1521.6,58.8,-65601,2.159,28.46,523,550452,1052.5,59.4,-24082,2.107,22.86,704,1316556,1870.1,58.4,-65601,2.182,20.07,796,1476492,1854.9,58.5,-65601,2.216,22.51,100.0,100.0,100.0
170,0,1149,1851832,1611.7,59.6,-65601,2.204,28.23,478,536176,1121.7,60.4,-24082,2.152,22.26,671,1315656,1960.7,59.0,-65601,2.227,20.06,758,1478479,1950.5,59.2,-65601,2.267,22.54,100.0,100.0,100.0
180,0,1066,1813488,1701.2,60.1,-64409,2.272,28.16,426,499507,1172.6,60.2,-29950,2.213,16.68,640,1313980,2053.1,60.0,-64409,2.296,20.4,720,1452036,2016.7,60.0,-64409,2.312,22.54,100.0,100.0,100.0
190,0,977,1811605,1854.3,60.7,-64409,2.4,28.13,366,508792,1390.1,62.2,-17743,2.561,28.68,611,1302813,2132.3,59.7,-64409,2.346,20.23,683,1428126,2091.0,59.6,-64409,2.357,22.17,100.0,100.0,100.0
200,0,915,1805308,1973.0,61.7,-64409,2.498,28.03,325,491385,1512.0,63.9,-17743,2.692,27.69,590,1313924,2227.0,60.5,-64409,2.436,20.4,657,1435029,2184.2,60.4,-64409,2.441,22.28,100.0,100.0,100.0
210,0,857,1736477,2026.2,62.0,-66886,2.492,25.96,297,466283,1570.0,64.5,-17743,2.691,26.28,560,1270194,2268.2,60.7,-66886,2.43,18.99,625,1383639,2213.8,60.5,-66886,2.427,20.69,100.0,100.0,100.0
220,0,797,1700336,2133.4,62.9,-66886,2.564,25.42,265,435068,1641.8,64.8,-17743,2.727,24.52,532,1265268,2378.3,62.0,-66886,2.515,18.92,596,1380490,2316.3,61.7,-66886,2.509,20.64,100.0,100.0,100.0
230,0,729,1714070,2351.3,63.5,-37497,2.791,45.71,235,448043,1906.6,65.8,-17743,3.166,25.25,494,1266028,2562.8,62.3,-37497,2.688,33.76,555,1390459,2505.3,62.2,-37497,2.697,37.08,100.0,100.0,100.0
240,0,672,1625843,2419.4,62.9,-37497,2.758,43.36,206,416252,2020.6,66.3,-17743,3.185,23.46,466,1209591,2595.7,61.4,-37497,2.647,32.26,521,1316966,2527.8,61.2,-37497,2.646,35.12,100.0,100.0,100.0
250,0,624,1601731,2566.9,63.1,-37497,2.857,42.72,186,398285,2141.3,66.5,-17743,3.285,22.45,438,1203446,2747.6,61.6,-37497,2.749,32.09,488,1308511,2681.4,61.5,-37497,2.747,34.9,100.0,100.0,100.0
260,0,568,1546081,2722.0,63.3,-37497,2.921,41.23,160,366400,2290.0,67.3,-17743,3.421,20.65,408,1179682,2891.4,61.8,-37497,2.805,31.46,454,1281741,2823.2,61.5,-37497,2.805,34.18,100.0,100.0,100.0
270,0,515,1528100,2967.2,64.6,-37497,3.096,40.75,136,336659,2475.4,68.1,-17743,3.608,18.97,379,1191441,3143.6,63.3,-37497,2.986,31.77,419,1295615,3092.2,63.2,-37497,3.001,34.55,100.0,100.0,100.0
280,0,475,1558133,3280.3,66.9,-37497,3.45,41.55,121,337885,2792.4,71.1,-17743,4.049,19.04,354,1220248,3447.0,65.5,-37497,3.323,32.54,389,1325054,3406.3,65.6,-37497,3.358,35.34,100.0,100.0,100.0
290,0,452,1511920,3345.0,66.8,-37497,3.46,40.32,109,317335,2911.3,71.6,-17743,4.334,17.88,343,1194585,3482.8,65.3,-37497,3.3,31.86,377,1296176,3438.1,65.3,-37497,3.331,34.57,100.0,100.0,100.0
300,0,427,1497397,3506.8,67.4,-37497,3.586,39.93,97,306731,3162.2,74.2,-11385,4.929,26.94,330,1190667,3608.1,65.5,-37497,3.376,31.75,361,1294476,3585.8,65.7,-37497,3.436,34.52,100.0,100.0,100.0
310,0,388,1468541,3784.9,68.8,-37497,3.826,39.16,77,280144,3638.2,75.3,-8654,6.142,32.37,311,1188397,3821.2,67.2,-37497,3.555,31.69,337,1303052,3866.6,67.7,-37497,3.717,34.75,100.0,100.0,100.0
320,0,363,1396191,3846.3,68.3,-37497,3.828,37.23,67,242409,3618.0,76.1,-8275,6.799,29.29,296,1153782,3897.9,66.6,-37497,3.553,30.77,319,1248680,3914.4,66.8,-37497,3.679,33.3,100.0,100.0,100.0
330,0,331,1358266,4103.5,68.3,-37497,4.149,36.22,55,221532,4027.8,76.4,-7446,7.404,29.75,276,1136734,4118.6,66.7,-37497,3.865,30.32,295,1221983,4142.3,66.8,-37497,3.978,32.59,100.0,100.0,100.0
340,0,299,1303628,4360.0,68.9,-37497,4.315,34.77,42,187604,4466.8,83.3,-8485,8.643,22.11,257,1116024,4342.5,66.5,-37497,4.027,29.76,271,1202540,4437.4,67.2,-37497,4.18,32.07,100.0,100.0,100.0
350,0,281,1327693,4724.9,70.5,-28756,4.879,46.17,39,187919,4818.4,84.6,-8485,8.961,22.15,242,1139775,4709.8,68.2,-28756,4.577,39.64,255,1227230,4812.7,69.0,-28756,4.751,42.68,100.0,100.0,100.0
360,0,250,1219299,4877.2,70.4,-28756,4.833,42.4,28,129822,4636.5,82.1,-8485,6.509,15.3,222,1089477,4907.6,68.9,-28756,4.699,37.89,231,1137235,4923.1,69.3,-28756,4.753,39.55,,,
370,0,237,1175263,4958.9,70.5,-28756,4.777,40.87,25,111017,4440.7,80.0,-8485,5.711,13.08,212,1064246,5020.0,69.3,-28756,4.701,37.01,221,1112004,5031.7,69.7,-28756,4.756,38.67,,,
380,0,218,1103410,5061.5,70.2,-28756,4.777,38.37,22,83257,3784.4,77.3,-8485,4.533,9.81,196,1020153,5204.9,69.4,-28756,4.798,35.48,203,1047579,5160.5,69.5,-28756,4.781,36.43,,,
390,0,198,1108083,5596.4,71.7,-18925,5.69,58.55,14,42675,3048.2,64.3,-8485,2.811,5.03,184,1065408,5790.3,72.3,-18925,6.01,56.3,190,1079436,5681.2,72.1,-18925,5.881,57.04,,,
400,0,184,1082192,5881.5,72.3,-18925,5.957,57.18,10,57769,5776.9,80.0,-4018,9.516,14.38,174,1024423,5887.5,71.8,-18925,5.843,54.13,178,1041231,5849.6,71.9,-18925,5.83,55.02,,,
410,0,167,1044990,6257.4,73.1,-18925,6.376,55.22,7,37944,5420.6,71.4,-4018,6.594,9.44,160,1007046,6294.0,73.1,-18925,6.368,53.21,163,1017408,6241.8,73.0,-18925,6.309,53.76,,,
420,0,158,979436,6199.0,72.2,-18925,6.167,51.75,5,16647,3329.4,60.0,-4018,3.454,4.14,153,962788,6292.7,72.5,-18925,6.268,50.87,156,973151,6238.1,72.4,-18925,6.21,51.42,,,
430,0,153,970985,6346.3,72.5,-18925,6.212,51.31,4,19412,4853.1,75.0,-4018,5.831,4.83,149,951573,6386.4,72.5,-18925,6.22,50.28,152,961935,6328.5,72.4,-18925,6.163,50.83,,,
440,0,140,925204,6608.6,72.1,-18925,6.084,48.89,2,5032,2516.1,50.0,-4018,2.252,1.25,138,920172,6667.9,72.5,-18925,6.171,48.62,139,916154,6591.0,71.9,-18925,6.034,48.41,,,
450,0,122,904907,7417.3,74.6,-18925,7.024,47.82,2,5032,2516.1,50.0,-4018,2.252,1.25,120,899875,7499.0,75.0,-18925,7.155,47.55,121,895857,7403.8,74.4,-18925,6.964,47.34,,,
460,0,113,856561,7580.2,72.6,-18925,6.702,45.26,2,5032,2516.1,50.0,-4018,2.252,1.25,111,851529,7671.4,73.0,-18925,6.825,45.0,112,847511,7567.1,72.3,-18925,6.642,44.78,,,
470,0,107,837834,7830.2,72.9,-18925,6.733,44.27,1,-4018,-4018.0,0.0,-4018,0.0,-1.0,106,841852,7942.0,73.6,-18925,6.924,44.48,107,837834,7830.2,72.9,-18925,6.733,44.27,,,
480,0,97,825046,8505.6,75.3,-18925,6.886,43.6,1,-4018,-4018.0,0.0,-4018,0.0,-1.0,96,829064,8636.1,76.0,-18925,7.09,43.81,97,825046,8505.6,75.3,-18925,6.886,43.6,,,
490,0,87,813086,9345.8,75.9,-18925,8.516,42.96,1,-4018,-4018.0,0.0,-4018,0.0,-1.0,86,817104,9501.2,76.7,-18925,8.845,43.18,87,813086,9345.8,75.9,-18925,8.516,42.96,,,
500,0,85,819355,9639.5,76.5,-18925,9.101,43.3,1,-4018,-4018.0,0.0,-4018,0.0,-1.0,84,823373,9802.1,77.4,-18925,9.478,43.51,85,819355,9639.5,76.5,-18925,9.101,43.3,,,
510,0,76,790926,10406.9,76.3,-18925,9.282,41.79,0,0,0,0,0,,,76,790926,10406.9,76.3,-18925,9.282,41.79,76,790926,10406.9,76.3,-18925,9.282,41.79,,,
520,0,71,757956,10675.4,77.5,-18925,9.248,40.05,0,0,0,0,0,,,71,757956,10675.4,77.5,-18925,9.248,40.05,71,757956,10675.4,77.5,-18925,9.248,40.05,,,
530,0,70,758482,10835.5,78.6,-18925,9.302,40.08,0,0,0,0,0,,,70,758482,10835.5,78.6,-18925,9.302,40.08,70,758482,10835.5,78.6,-18925,9.302,40.08,,,
540,0,68,765293,11254.3,79.4,-18925,10.608,40.44,0,0,0,0,0,,,68,765293,11254.3,79.4,-18925,10.608,40.44,68,765293,11254.3,79.4,-18925,10.608,40.44,,,
550,0,66,765517,11598.7,80.3,-18925,11.102,40.45,0,0,0,0,0,,,66,765517,11598.7,80.3,-18925,11.102,40.45,66,765517,11598.7,80.3,-18925,11.102,40.45,,,
560,0,59,774658,13129.8,84.7,-18925,15.233,40.93,0,0,0,0,0,,,59,774658,13129.8,84.7,-18925,15.233,40.93,59,774658,13129.8,84.7,-18925,15.233,40.93,,,
570,0,57,760091,13334.9,84.2,-18925,14.965,40.16,0,0,0,0,0,,,57,760091,13334.9,84.2,-18925,14.965,40.16,57,760091,13334.9,84.2,-18925,14.965,40.16,,,
580,0,48,681920,14206.7,81.2,-18925,13.529,36.03,0,0,0,0,0,,,48,681920,14206.7,81.2,-18925,13.529,36.03,48,681920,14206.7,81.2,-18925,13.529,36.03,,,
590,0,45,672462,14943.6,82.2,-18925,15.546,35.53,0,0,0,0,0,,,45,672462,14943.6,82.2,-18925,15.546,35.53,45,672462,14943.6,82.2,-18925,15.546,35.53,,,
600,0,42,635701,15135.7,83.3,-18925,15.638,33.59,0,0,0,0,0,,,42,635701,15135.7,83.3,-18925,15.638,33.59,42,635701,15135.7,83.3,-18925,15.638,33.59,,,
610,0,38,594883,15654.8,84.2,-10931,25.277,54.42,0,0,0,0,0,,,38,594883,15654.8,84.2,-10931,25.277,54.42,38,594883,15654.8,84.2,-10931,25.277,54.42,,,
620,0,37,568902,15375.7,83.8,-10931,24.217,52.04,0,0,0,0,0,,,37,568902,15375.7,83.8,-10931,24.217,52.04,37,568902,15375.7,83.8,-10931,24.217,52.04,,,
630,0,36,528534,14681.5,83.3,-10931,22.57,48.35,0,0,0,0,0,,,36,528534,14681.5,83.3,-10931,22.57,48.35,36,528534,14681.5,83.3,-10931,22.57,48.35,,,
640,0,33,508490,15408.8,84.8,-10931,22.915,46.52,0,0,0,0,0,,,33,508490,15408.8,84.8,-10931,22.915,46.52,33,508490,15408.8,84.8,-10931,22.915,46.52,,,
650,0,31,482650,15569.4,83.9,-10931,21.802,44.15,0,0,0,0,0,,,31,482650,15569.4,83.9,-10931,21.802,44.15,31,482650,15569.4,83.9,-10931,21.802,44.15,,,
0,5,3762,1500077,398.7,50.1,-133083,1.362,11.27,2447,234550,95.9,48.6,-133083,1.111,1.76,1315,1265527,962.4,52.9,-58207,1.625,21.74,1557,1437015,922.9,53.1,-58207,1.631,24.69,100.0,69.5,69.5
10,5,3560,1554217,436.6,50.6,-122727,1.394,12.66,2286,283083,123.8,49.0,-122727,1.143,2.31,1274,1271134,997.8,53.5,-64251,1.645,19.78,1504,1445225,960.9,53.7,-64251,1.653,22.49,100.0,75.2,75.2
20,5,3355,1565903,466.7,50.8,-114925,1.413,13.63,2121,274008,129.2,49.0,-114925,1.146,2.38,1234,1291896,1046.9,53.8,-56573,1.676,22.84,1457,1462449,1003.7,54.0,-56573,1.681,25.85,100.0,75.0,75.0
30,5,3158,1628820,515.8,51.4,-90849,1.451,17.93,1964,348686,177.5,49.8,-90849,1.2,3.84,1194,1280134,1072.1,53.9,-56573,1.686,22.63,1404,1465365,1043.7,54.3,-56573,1.703,25.9,100.0,82.2,82.2
40,5,2968,1651015,556.3,52.1,-89935,1.477,18.36,1803,389553,216.1,51.0,-89935,1.242,4.33,1165,1261462,1082.8,53.7,-56573,1.683,22.3,1363,1431938,1050.6,54.1,-56573,1.696,25.31,100.0,90.0,90.0
50,5,2782,1651423,593.6,52.4,-100687,1.496,16.4,1654,383113,231.6,51.3,-100687,1.252,3.8,1128,1268309,1124.4,54.1,-56573,1.703,22.42,1319,1443755,1094.6,54.4,-56573,1.719,25.52,100.0,89.2,89.2
60,5,2579,1681430,652.0,53.0,-81306,1.537,20.68,1496,424749,283.9,52.1,-81306,1.306,5.22,1083,1256681,1160.4,54.3,-56573,1.722,22.21,1264,1432725,1133.5,54.7,-56573,1.74,25.33,100.0,93.2,93.2
70,5,2411,1705791,707.5,53.0,-88194,1.572,19.34,1376,410361,298.2,51.9,-88194,1.31,4.65,1035,1295430,1251.6,54.6,-56573,1.782,22.9,1209,1466789,1213.2,54.9,-56573,1.794,25.93,100.0,92.7,92.7
80,5,2228,1691201,759.1,53.4,-102409,1.599,16.51,1230,398985,324.4,52.4,-102409,1.327,3.9,998,1292216,1294.8,54.6,-56573,1.807,22.84,1165,1451594,1246.0,54.9,-56573,1.811,25.66,99.8,94.0,94.0
90,5,2060,1702587,826.5,54.1,-91006,1.643,18.71,1104,412758,373.9,53.4,-91006,1.37,4.54,956,1289829,1349.2,55.0,-56573,1.841,22.8,1116,1429893,1281.3,55.2,-56573,1.831,25.28,100.0,95.7,95.7
100,5,1917,1734671,904.9,54.5,-56615,1.698,30.64,994,427117,429.7,53.3,-56615,1.427,7.54,923,1307554,1416.6,55.7,-56573,1.88,23.11,1068,1449759,1357.5,55.8,-56573,1.876,25.63,100.0,98.1,98.1
110,5,1775,1731907,975.7,54.9,-66151,1.744,26.18,899,453867,504.9,54.3,-56621,1.505,8.02,876,1278040,1458.9,55.6,-66151,1.894,19.32,1012,1416449,1399.7,55.7,-66151,1.89,21.41,100.0,98.0,98.0
120,5,1640,1761815,1074.3,55.7,-66151,1.822,26.63,800,489774,612.2,55.5,-35982,1.626,13.61,840,1272041,1514.3,55.8,-66151,1.935,19.23,964,1401393,1453.7,55.8,-66151,1.923,21.18,100.0,100.0,100.0
130,5,1534,1733221,1129.9,55.7,-66151,1.853,26.2,725,462851,638.4,55.4,-35982,1.637,12.86,809,1270370,1570.3,56.0,-66151,1.974,19.2,924,1401074,1516.3,56.2,-66151,1.965,21.18,100.0,100.0,100.0
140,5,1435,1726826,1203.4,56.2,-66151,1.893,26.1,655,441192,673.6,55.6,-38099,1.644,11.58,780,1285633,1648.2,56.8,-66151,2.029,19.43,887,1409412,1589.0,56.7,-66151,2.011,21.31,100.0,100.0,100.0
150,5,1329,1745871,1313.7,57.1,-66151,1.967,26.39,580,478371,824.8,57.2,-24582,1.804,19.46,749,1267500,1692.3,57.0,-66151,2.047,19.16,849,1404493,1654.3,57.2,-66151,2.053,21.23,100.0,100.0,100.0
160,5,1227,1755108,1430.4,57.7,-66151,2.058,26.53,523,501402,958.7,58.1,-24582,1.969,20.4,704,1253706,1780.8,57.4,-66151,2.099,18.95,796,1405092,1765.2,57.7,-66151,2.129,21.24,100.0,100.0,100.0
170,5,1149,1747082,1520.5,58.6,-66151,2.105,26.41,478,491526,1028.3,59.2,-24582,2.016,20.0,671,1255556,1871.2,58.1,-66151,2.144,18.98,758,1410329,1860.6,58.4,-66151,2.18,21.32,100.0,100.0,100.0
180,5,1066,1716338,1610.1,59.0,-64859,2.171,26.46,426,459657,1079.0,58.9,-30350,2.073,15.15,640,1256680,1963.6,59.1,-64859,2.212,19.38,720,1387386,1926.9,59.2,-64859,2.224,21.39,100.0,100.0,100.0
190,5,977,1722555,1763.1,59.8,-64859,2.296,26.56,366,474642,1296.8,61.2,-17993,2.399,26.38,611,1247913,2042.4,58.9,-64859,2.26,19.24,683,1366576,2000.8,58.9,-64859,2.268,21.07,100.0,100.0,100.0
200,5,915,1721558,1881.5,60.9,-64859,2.391,26.54,325,460835,1418.0,62.8,-17993,2.526,25.61,590,1260724,2136.8,59.8,-64859,2.347,19.44,657,1375629,2093.8,59.8,-64859,2.349,21.21,100.0,100.0,100.0
210,5,857,1657777,1934.4,61.3,-67236,2.388,24.66,297,438333,1475.9,63.3,-17993,2.533,24.36,560,1219444,2177.6,60.2,-67236,2.343,18.14,625,1326839,2122.9,60.0,-67236,2.337,19.73,100.0,100.0,100.0
220,5,797,1627186,2041.6,62.2,-67236,2.46,24.2,265,410168,1547.8,63.4,-17993,2.571,22.8,532,1217018,2287.6,61.7,-67236,2.426,18.1,596,1326290,2225.3,61.4,-67236,2.418,19.73,100.0,100.0,100.0
230,5,729,1646970,2259.2,62.7,-37747,2.678,43.63,235,425943,1812.5,64.3,-17993,2.984,23.67,494,1221028,2471.7,61.9,-37747,2.592,32.35,555,1339809,2414.1,61.8,-37747,2.598,35.49,100.0,100.0,100.0
240,5,672,1563793,2327.1,62.4,-37747,2.65,41.43,206,396802,1926.2,65.0,-17993,3.012,22.05,466,1166991,2504.3,61.2,-37747,2.555,30.92,521,1269316,2436.3,61.0,-37747,2.551,33.63,100.0,100.0,100.0
250,5,624,1543931,2474.2,62.5,-37747,2.747,40.9,186,380535,2045.9,65.1,-17993,3.109,21.15,438,1163396,2656.2,61.4,-37747,2.654,30.82,488,1263811,2589.8,61.3,-37747,2.649,33.48,100.0,100.0,100.0
260,5,568,1493381,2629.2,62.9,-37747,2.812,39.56,160,351150,2194.7,66.2,-17993,3.244,19.52,408,1142232,2799.6,61.5,-37747,2.71,30.26,454,1240041,2731.4,61.2,-37747,2.708,32.85,100.0,100.0,100.0
270,5,515,1480250,2874.3,64.1,-37747,2.984,39.21,136,323609,2379.5,66.9,-17993,3.425,17.99,379,1156641,3051.8,63.1,-37747,2.888,30.64,419,1257115,3000.3,63.0,-37747,2.9,33.3,100.0,100.0,100.0
280,5,475,1513883,3187.1,66.5,-37747,3.326,40.11,121,326285,2696.6,70.2,-17993,3.855,18.13,354,1187598,3354.8,65.3,-37747,3.214,31.46,389,1289204,3314.1,65.3,-37747,3.244,34.15,100.0,100.0,100.0
290,5,452,1469820,3251.8,66.4,-37747,3.339,38.94,109,306835,2815.0,70.6,-17993,4.123,17.05,343,1162985,3390.6,65.0,-37747,3.193,30.81,377,1261426,3346.0,65.0,-37747,3.22,33.42,100.0,100.0,100.0
300,5,427,1457547,3413.5,67.0,-37747,3.462,38.61,97,297331,3065.3,73.2,-11485,4.689,25.89,330,1160217,3515.8,65.2,-37747,3.268,30.74,361,1261126,3493.4,65.4,-37747,3.323,33.41,100.0,100.0,100.0
310,5,388,1432441,3691.9,68.3,-37747,3.698,37.95,77,272744,3542.1,74.0,-8754,5.836,31.16,311,1159697,3728.9,66.9,-37747,3.444,30.72,337,1271952,3774.3,67.4,-37747,3.598,33.7,100.0,100.0,100.0
320,5,363,1362341,3753.0,67.8,-37747,3.701,36.09,67,235859,3520.3,74.6,-8675,6.431,27.19,296,1126482,3805.7,66.2,-37747,3.444,29.84,319,1219180,3821.9,66.5,-37747,3.562,32.3,100.0,100.0,100.0
330,5,331,1327366,4010.2,67.7,-37747,4.009,35.16,55,216182,3930.6,74.5,-7846,7.018,27.55,276,1111184,4026.0,66.3,-37747,3.742,29.44,295,1194633,4049.6,66.4,-37747,3.848,31.65,100.0,100.0,100.0
340,5,299,1275828,4267.0,68.2,-37747,4.174,33.8,42,183504,4369.1,81.0,-8685,8.261,21.13,257,1092324,4250.3,66.1,-37747,3.9,28.94,271,1177490,4345.0,66.8,-37747,4.047,31.19,100.0,100.0,100.0
350,5,281,1301493,4631.6,70.5,-28956,4.719,44.95,39,184119,4721.0,84.6,-8685,8.606,21.2,242,1117375,4617.3,68.2,-28956,4.43,38.59,255,1203580,4719.9,69.0,-28956,4.599,41.57,100.0,100.0,100.0
360,5,250,1196049,4784.2,70.4,-28956,4.68,41.31,28,127122,4540.1,82.1,-8685,6.283,14.64,222,1068927,4815.0,68.9,-28956,4.552,36.92,231,1115835,4830.5,69.3,-28956,4.604,38.54,,,
370,5,237,1153263,4866.1,70.5,-28956,4.63,39.83,25,108617,4344.7,80.0,-8685,5.514,12.51,212,1044646,4927.6,69.3,-28956,4.558,36.08,221,1091554,4939.2,69.7,-28956,4.61,37.7,,,
380,5,218,1083060,4968.2,70.2,-28956,4.632,37.4,22,81157,3689.0,77.3,-8685,4.372,9.34,196,1001903,5111.7,69.4,-28956,4.654,34.6,203,1028679,5067.4,69.5,-28956,4.637,35.53,,,
390,5,198,1089633,5503.2,71.7,-19025,5.512,57.27,14,41375,2955.4,64.3,-8685,2.719,4.76,184,1048258,5697.1,72.3,-19025,5.821,55.1,190,1061736,5588.1,72.1,-19025,5.696,55.81,,,
400,5,184,1065092,5788.5,72.3,-19025,5.775,55.98,10,56869,5686.9,80.0,-4118,9.144,13.81,174,1008223,5794.4,71.8,-19025,5.666,53.0,178,1024681,5756.6,71.9,-19025,5.653,53.86,,,
410,5,167,1029490,6164.6,73.1,-19025,6.185,54.11,7,37244,5320.6,71.4,-4118,6.333,9.04,160,992246,6201.5,73.1,-19025,6.18,52.16,163,1002308,6149.1,73.0,-19025,6.122,52.68,,,
420,5,158,964836,6106.6,72.2,-19025,5.984,50.71,5,16147,3229.4,60.0,-4118,3.312,3.92,153,948688,6200.6,72.5,-19025,6.084,49.87,156,958751,6145.8,72.4,-19025,6.027,50.39,,,
430,5,153,956885,6254.2,72.5,-19025,6.032,50.3,4,19012,4753.1,75.0,-4118,5.617,4.62,149,937873,6294.4,72.5,-19025,6.041,49.3,152,947935,6236.4,72.4,-19025,5.985,49.83,,,
440,5,140,912154,6515.4,72.1,-19025,5.915,47.95,2,4832,2416.1,50.0,-4118,2.173,1.17,138,907322,6574.8,72.5,-19025,6.0,47.69,139,903204,6497.9,71.9,-19025,5.867,47.48,,,
450,5,122,893607,7324.7,74.6,-19025,6.84,46.97,2,4832,2416.1,50.0,-4118,2.173,1.17,120,888775,7406.5,75.0,-19025,6.969,46.72,121,884657,7311.2,74.4,-19025,6.782,46.5,,,
460,5,113,846111,7487.7,72.6,-19025,6.53,44.47,2,4832,2416.1,50.0,-4118,2.173,1.17,111,841279,7579.1,73.0,-19025,6.65,44.22,112,837161,7474.7,72.3,-19025,6.471,44.0,,,
470,5,107,827934,7737.7,72.9,-19025,6.567,43.52,1,-4118,-4118.0,0.0,-4118,0.0,-1.0,106,832052,7849.5,73.6,-19025,6.754,43.74,107,827934,7737.7,72.9,-19025,6.567,43.52,,,
480,5,97,816046,8412.8,75.3,-19025,6.732,42.89,1,-4118,-4118.0,0.0,-4118,0.0,-1.0,96,820164,8543.4,76.0,-19025,6.933,43.11,97,816046,8412.8,75.3,-19025,6.732,42.89,,,
490,5,87,805086,9253.9,75.9,-19025,8.314,42.32,1,-4118,-4118.0,0.0,-4118,0.0,-1.0,86,809204,9409.3,76.7,-19025,8.637,42.53,87,805086,9253.9,75.9,-19025,8.314,42.32,,,
500,5,85,811555,9547.7,76.5,-19025,8.884,42.66,1,-4118,-4118.0,0.0,-4118,0.0,-1.0,84,815673,9710.4,77.4,-19025,9.254,42.87,85,811555,9547.7,76.5,-19025,8.884,42.66,,,
510,5,76,784026,10316.1,76.3,-19025,9.075,41.21,0,0,0,0,0,,,76,784026,10316.1,76.3,-19025,9.075,41.21,76,784026,10316.1,76.3,-19025,9.075,41.21,,,
520,5,71,751506,10584.6,77.5,-19025,9.051,39.5,0,0,0,0,0,,,71,751506,10584.6,77.5,-19025,9.051,39.5,71,751506,10584.6,77.5,-19025,9.051,39.5,,,
530,5,70,752082,10744.0,78.6,-19025,9.107,39.53,0,0,0,0,0,,,70,752082,10744.0,78.6,-19025,9.107,39.53,70,752082,10744.0,78.6,-19025,9.107,39.53,,,
540,5,68,759093,11163.1,79.4,-19025,10.377,39.9,0,0,0,0,0,,,68,759093,11163.1,79.4,-19025,10.377,39.9,68,759093,11163.1,79.4,-19025,10.377,39.9,,,
550,5,66,759517,11507.8,80.3,-19025,10.867,39.92,0,0,0,0,0,,,66,759517,11507.8,80.3,-19025,10.867,39.92,66,759517,11507.8,80.3,-19025,10.867,39.92,,,
560,5,59,769208,13037.4,84.7,-19025,14.903,40.43,0,0,0,0,0,,,59,769208,13037.4,84.7,-19025,14.903,40.43,59,769208,13037.4,84.7,-19025,14.903,40.43,,,
570,5,57,754841,13242.8,84.2,-19025,14.643,39.68,0,0,0,0,0,,,57,754841,13242.8,84.2,-19025,14.643,39.68,57,754841,13242.8,84.2,-19025,14.643,39.68,,,
580,5,48,677470,14114.0,81.2,-19025,13.244,35.61,0,0,0,0,0,,,48,677470,14114.0,81.2,-19025,13.244,35.61,48,677470,14114.0,81.2,-19025,13.244,35.61,,,
590,5,45,668312,14851.4,82.2,-19025,15.21,35.13,0,0,0,0,0,,,45,668312,14851.4,82.2,-19025,15.21,35.13,45,668312,14851.4,82.2,-19025,15.21,35.13,,,
600,5,42,631851,15044.1,83.3,-19025,15.318,33.21,0,0,0,0,0,,,42,631851,15044.1,83.3,-19025,15.318,33.21,42,631851,15044.1,83.3,-19025,15.318,33.21,,,
610,5,38,591433,15564.0,84.2,-11031,24.56,53.61,0,0,0,0,0,,,38,591433,15564.0,84.2,-11031,24.56,53.61,38,591433,15564.0,84.2,-11031,24.56,53.61,,,
620,5,37,565502,15283.8,83.8,-11031,23.527,51.26,0,0,0,0,0,,,37,565502,15283.8,83.8,-11031,23.527,51.26,37,565502,15283.8,83.8,-11031,23.527,51.26,,,
630,5,36,525234,14589.8,83.3,-11031,21.923,47.61,0,0,0,0,0,,,36,525234,14589.8,83.3,-11031,21.923,47.61,36,525234,14589.8,83.3,-11031,21.923,47.61,,,
640,5,33,505490,15317.9,84.8,-11031,22.327,45.82,0,0,0,0,0,,,33,505490,15317.9,84.8,-11031,22.327,45.82,33,505490,15317.9,84.8,-11031,22.327,45.82,,,
650,5,31,479800,15477.4,83.9,-11031,21.243,43.49,0,0,0,0,0,,,31,479800,15477.4,83.9,-11031,21.243,43.49,31,479800,15477.4,83.9,-11031,21.243,43.49,,,
0,10,3762,1177927,313.1,48.1,-219063,1.274,5.38,2447,23200,9.5,46.1,-219063,1.01,0.11,1315,1154727,878.1,51.8,-61292,1.556,18.84,1557,1305365,838.4,52.0,-61292,1.558,21.3,99.8,60.8,60.8
10,10,3560,1247817,350.5,48.6,-154377,1.304,8.08,2286,84383,36.9,46.4,-154377,1.041,0.55,1274,1163434,913.2,52.4,-64951,1.575,17.91,1504,1317625,876.1,52.7,-64951,1.579,20.29,99.9,64.5,64.5
20,10,3355,1274903,380.0,48.9,-143975,1.324,8.86,2121,87708,41.4,46.6,-143975,1.044,0.61,1234,1187196,962.1,52.8,-57223,1.605,20.75,1457,1338349,918.6,53.0,-57223,1.607,23.39,100.0,65.8,65.8
30,10,3158,1352820,428.4,49.5,-118099,1.361,11.45,1964,174436,88.8,47.4,-118099,1.095,1.48,1194,1178384,986.9,52.9,-57223,1.615,20.59,1404,1345215,958.1,53.3,-57223,1.629,23.51,100.0,69.5,69.5
40,10,2968,1390215,468.4,50.1,-115583,1.388,12.03,1803,228553,126.8,48.4,-115583,1.135,1.98,1165,1161662,997.1,52.8,-57223,1.613,20.3,1363,1314638,964.5,53.2,-57223,1.622,22.97,100.0,76.5,76.5
50,10,2782,1405873,505.3,50.5,-123435,1.408,11.39,1654,234713,141.9,48.8,-123435,1.147,1.9,1128,1171159,1038.3,53.1,-57223,1.634,20.47,1319,1329655,1008.1,53.4,-57223,1.645,23.24,99.6,77.8,77.8
60,10,2579,1453130,563.4,51.1,-101906,1.448,14.26,1496,289999,193.8,49.6,-101906,1.199,2.85,1083,1163131,1074.0,53.3,-57223,1.652,20.33,1264,1323125,1046.8,53.6,-57223,1.666,23.12,99.9,84.3,84.3
70,10,2411,1490941,618.4,51.3,-109744,1.483,13.59,1376,285461,207.5,49.6,-109744,1.206,2.6,1035,1205480,1164.7,53.5,-57223,1.71,21.07,1209,1361339,1126.0,53.8,-57223,1.718,23.79,99.4,84.0,84.0
80,10,2228,1491151,669.3,51.8,-121459,1.511,12.28,1230,286085,232.6,50.3,-121459,1.224,2.36,998,1205066,1207.5,53.6,-57223,1.734,21.06,1165,1349494,1158.4,53.9,-57223,1.735,23.58,98.6,89.4,89.4
90,10,2060,1517537,736.7,52.6,-108306,1.555,14.01,1104,311408,282.1,51.4,-108306,1.268,2.88,956,1206129,1261.6,54.0,-58362,1.767,20.67,1116,1331843,1193.4,54.1,-58362,1.755,22.82,99.7,92.9,92.9
100,10,1917,1562121,814.9,52.9,-71965,1.609,21.71,994,335467,337.5,51.4,-71965,1.321,4.66,923,1226654,1329.0,54.6,-58362,1.806,21.02,1068,1355709,1269.4,54.8,-58362,1.799,23.23,100.0,97.2,97.2
110,10,1775,1571607,885.4,53.5,-71071,1.655,22.11,899,370667,412.3,52.4,-71071,1.396,5.22,876,1200940,1370.9,54.7,-66701,1.821,18.0,1012,1326849,1311.1,54.9,-66701,1.813,19.89,100.0,97.2,97.2
120,10,1640,1613515,983.9,54.3,-66701,1.73,24.19,800,415824,519.8,53.6,-36882,1.509,11.27,840,1197691,1425.8,54.9,-66701,1.86,17.96,964,1315643,1364.8,55.0,-66701,1.845,19.72,100.0,100.0,100.0
130,10,1534,1594321,1039.3,54.4,-66701,1.762,23.9,725,395701,545.8,53.8,-36882,1.522,10.73,809,1198620,1481.6,55.0,-66701,1.897,17.97,924,1318724,1427.2,55.3,-66701,1.886,19.77,100.0,100.0,100.0
140,10,1435,1596526,1112.6,55.1,-66701,1.801,23.94,655,380242,580.5,54.2,-39304,1.533,9.67,780,1216283,1559.3,55.8,-66701,1.95,18.23,887,1330162,1499.6,55.8,-66701,1.931,19.94,100.0,100.0,100.0
150,10,1329,1624921,1222.7,55.8,-66701,1.875,24.36,580,424071,731.2,55.7,-25082,1.685,16.91,749,1200850,1603.3,55.9,-66701,1.969,18.0,849,1328543,1564.8,56.3,-66701,1.972,19.92,100.0,100.0,100.0
160,10,1227,1643208,1339.2,56.6,-66701,1.963,24.64,523,452352,864.9,57.0,-25082,1.84,18.04,704,1190856,1691.6,56.2,-66701,2.02,17.85,796,1333692,1675.5,56.7,-66701,2.046,19.99,100.0,100.0,100.0
170,10,1149,1642332,1429.4,57.4,-66701,2.01,24.62,478,446876,934.9,58.2,-25082,1.889,17.82,671,1195456,1781.6,56.9,-66701,2.065,17.92,758,1342179,1770.7,57.4,-66701,2.097,20.12,100.0,100.0,100.0
180,10,1066,1619188,1518.9,57.9,-65309,2.075,24.79,426,419807,985.5,58.0,-30750,1.944,13.65,640,1199380,1874.0,57.8,-65309,2.13,18.36,720,1322736,1837.1,58.1,-65309,2.141,20.25,100.0,100.0,100.0
190,10,977,1633505,1672.0,58.6,-65309,2.196,25.01,366,440492,1203.5,60.4,-18243,2.249,24.15,611,1193013,1952.6,57.6,-65309,2.178,18.27,683,1305026,1910.7,57.7,-65309,2.183,19.98,100.0,100.0,100.0
200,10,915,1637808,1790.0,59.7,-65309,2.289,25.08,325,430285,1324.0,61.8,-18243,2.372,23.59,590,1207524,2046.7,58.5,-65309,2.261,18.49,657,1316229,2003.4,58.6,-65309,2.261,20.15,100.0,100.0,100.0
210,10,857,1579077,1842.6,60.2,-67586,2.289,23.36,297,410383,1381.8,62.6,-18243,2.385,22.5,560,1168694,2087.0,58.9,-67586,2.259,17.29,625,1270039,2032.1,58.9,-67586,2.251,18.79,100.0,100.0,100.0
220,10,797,1554036,1949.9,61.2,-67586,2.361,22.99,265,385268,1453.8,63.0,-18243,2.425,21.12,532,1168768,2196.9,60.3,-67586,2.34,17.29,596,1272090,2134.4,60.2,-67586,2.33,18.82,100.0,100.0,100.0
230,10,729,1579870,2167.2,61.7,-37997,2.569,41.58,235,403843,1718.5,63.8,-18243,2.813,22.14,494,1176028,2380.6,60.7,-37997,2.5,30.95,555,1289159,2322.8,60.7,-37997,2.503,33.93,100.0,100.0,100.0
240,10,672,1501743,2234.7,61.5,-37997,2.547,39.52,206,377352,1831.8,64.6,-18243,2.849,20.68,466,1124391,2412.9,60.1,-37997,2.466,29.59,521,1221666,2344.8,60.1,-37997,2.46,32.15,100.0,100.0,100.0
250,10,624,1486131,2381.6,61.5,-37997,2.641,39.11,186,362785,1950.5,64.5,-18243,2.943,19.89,438,1123346,2564.7,60.3,-37997,2.563,29.56,488,1219111,2498.2,60.2,-37997,2.556,32.08,100.0,100.0,100.0
260,10,568,1440681,2536.4,62.1,-37997,2.707,37.92,160,335900,2099.4,65.6,-18243,3.077,18.41,408,1104782,2707.8,60.8,-37997,2.619,29.08,454,1198341,2639.5,60.6,-37997,2.614,31.54,100.0,100.0,100.0
270,10,515,1432400,2781.4,63.3,-37997,2.876,37.7,136,310559,2283.5,66.2,-18243,3.251,17.02,379,1121841,2960.0,62.3,-37997,2.794,29.52,419,1218615,2908.4,62.3,-37997,2.803,32.07,100.0,100.0,100.0
280,10,475,1469633,3094.0,65.7,-37997,3.208,38.68,121,314685,2600.7,69.4,-18243,3.67,17.25,354,1154948,3262.6,64.4,-37997,3.108,30.4,389,1253354,3222.0,64.5,-37997,3.135,32.99,100.0,100.0,100.0
290,10,452,1427720,3158.7,65.5,-37997,3.221,37.57,109,296335,2718.7,69.7,-18243,3.921,16.24,343,1131385,3298.5,64.1,-37997,3.09,29.78,377,1226676,3253.8,64.2,-37997,3.113,32.28,100.0,100.0,100.0
300,10,427,1417697,3320.1,66.3,-37997,3.342,37.31,97,287931,2968.4,73.2,-11585,4.461,24.85,330,1129767,3423.5,64.2,-37997,3.164,29.73,361,1227776,3401.0,64.5,-37997,3.214,32.31,100.0,100.0,100.0
310,10,388,1396341,3598.8,68.0,-37997,3.575,36.75,77,265344,3446.0,74.0,-9151,5.543,28.99,311,1130997,3636.6,66.6,-37997,3.337,29.77,337,1240852,3682.1,67.1,-37997,3.483,32.66,100.0,100.0,100.0
320,10,363,1328491,3659.8,67.5,-37997,3.578,34.96,67,229309,3422.5,74.6,-9151,6.081,25.06,296,1099182,3713.5,65.9,-37997,3.338,28.93,319,1189680,3729.4,66.1,-37997,3.449,31.31,100.0,100.0,100.0
330,10,331,1296466,3916.8,67.4,-37997,3.874,34.12,55,210832,3833.3,74.5,-8246,6.649,25.57,276,1085634,3933.5,65.9,-37997,3.624,28.57,295,1167283,3956.9,66.1,-37997,3.724,30.72,100.0,100.0,100.0
340,10,299,1248028,4174.0,67.9,-37997,4.038,32.85,42,179404,4271.5,81.0,-8885,7.881,20.19,257,1068624,4158.1,65.8,-37997,3.778,28.12,271,1152440,4252.5,66.4,-37997,3.92,30.33,100.0,100.0,100.0
350,10,281,1275293,4538.4,70.1,-29156,4.566,43.74,39,180319,4623.6,84.6,-8885,8.269,20.29,242,1094975,4524.7,67.8,-29156,4.29,37.56,255,1179930,4627.2,68.6,-29156,4.453,40.47,100.0,100.0,100.0
360,10,250,1172799,4691.2,70.0,-29156,4.534,40.22,28,124422,4443.6,82.1,-8885,6.065,14.0,222,1048377,4722.4,68.5,-29156,4.411,35.96,231,1094435,4737.8,68.8,-29156,4.461,37.54,,,
370,10,237,1131263,4773.3,70.0,-29156,4.489,38.8,25,106217,4248.7,80.0,-8885,5.324,11.95,212,1025046,4835.1,68.9,-29156,4.42,35.16,221,1071104,4846.6,69.2,-29156,4.471,36.74,,,
380,10,218,1062710,4874.8,69.7,-29156,4.492,36.45,22,79057,3593.5,77.3,-8885,4.218,8.9,196,983653,5018.6,68.9,-29156,4.516,33.74,203,1009779,4974.3,69.0,-29156,4.498,34.63,,,
390,10,198,1071183,5410.0,71.2,-19125,5.341,56.01,14,40075,2862.5,64.3,-8885,2.631,4.51,184,1031108,5603.8,71.7,-19125,5.641,53.91,190,1044036,5494.9,71.6,-19125,5.518,54.59,,,
400,10,184,1047992,5695.6,71.7,-19125,5.6,54.8,10,55969,5596.9,80.0,-4218,8.792,13.27,174,992023,5701.3,71.3,-19125,5.496,51.87,178,1008131,5663.7,71.3,-19125,5.483,52.71,,,
410,10,167,1013990,6071.8,72.5,-19125,6.003,53.02,7,36544,5220.6,71.4,-4218,6.087,8.66,160,977446,6109.0,72.5,-19125,5.999,51.11,163,987208,6056.5,72.4,-19125,5.943,51.62,,,
420,10,158,950236,6014.1,71.5,-19125,5.808,49.69,5,15647,3129.4,60.0,-4218,3.178,3.71,153,934588,6108.4,71.9,-19125,5.907,48.87,156,944351,6053.5,71.8,-19125,5.851,49.38,,,
430,10,153,942785,6162.0,71.9,-19125,5.859,49.3,4,18612,4653.1,75.0,-4218,5.413,4.41,149,924173,6202.5,71.8,-19125,5.869,48.32,152,933935,6144.3,71.7,-19125,5.814,48.83,,,
440,10,140,899104,6422.2,71.4,-19125,5.753,47.01,2,4632,2316.1,50.0,-4218,2.098,1.1,138,894472,6481.7,71.7,-19125,5.836,46.77,139,890254,6404.7,71.2,-19125,5.706,46.55,,,
450,10,122,882307,7232.0,73.8,-19125,6.662,46.13,2,4632,2316.1,50.0,-4218,2.098,1.1,120,877675,7314.0,74.2,-19125,6.789,45.89,121,873457,7218.7,73.6,-19125,6.606,45.67,,,
460,10,113,835661,7395.2,71.7,-19125,6.363,43.7,2,4632,2316.1,50.0,-4218,2.098,1.1,111,831029,7486.7,72.1,-19125,6.482,43.45,112,826811,7382.2,71.4,-19125,6.306,43.23,,,
470,10,107,818034,7645.2,72.0,-19125,6.405,42.77,1,-4218,-4218.0,0.0,-4218,0.0,-1.0,106,822252,7757.1,72.6,-19125,6.589,42.99,107,818034,7645.2,72.0,-19125,6.405,42.77,,,
480,10,97,807046,8320.1,74.2,-19125,6.583,42.2,1,-4218,-4218.0,0.0,-4218,0.0,-1.0,96,811264,8450.7,75.0,-19125,6.78,42.42,97,807046,8320.1,74.2,-19125,6.583,42.2,,,
490,10,87,797086,9161.9,74.7,-19125,8.118,41.68,1,-4218,-4218.0,0.0,-4218,0.0,-1.0,86,801304,9317.5,75.6,-19125,8.436,41.9,87,797086,9161.9,74.7,-19125,8.118,41.68,,,
500,10,85,803755,9455.9,75.3,-19125,8.674,42.03,1,-4218,-4218.0,0.0,-4218,0.0,-1.0,84,807973,9618.7,76.2,-19125,9.038,42.25,85,803755,9455.9,75.3,-19125,8.674,42.03,,,
510,10,76,777126,10225.3,75.0,-19125,8.874,40.63,0,0,0,0,0,,,76,777126,10225.3,75.0,-19125,8.874,40.63,76,777126,10225.3,75.0,-19125,8.874,40.63,,,
520,10,71,745056,10493.7,76.1,-19125,8.86,38.96,0,0,0,0,0,,,71,745056,10493.7,76.1,-19125,8.86,38.96,71,745056,10493.7,76.1,-19125,8.86,38.96,,,
530,10,70,745682,10652.6,77.1,-19125,8.918,38.99,0,0,0,0,0,,,70,745682,10652.6,77.1,-19125,8.918,38.99,70,745682,10652.6,77.1,-19125,8.918,38.99,,,
540,10,68,752893,11072.0,77.9,-19125,10.153,39.37,0,0,0,0,0,,,68,752893,11072.0,77.9,-19125,10.153,39.37,68,752893,11072.0,77.9,-19125,10.153,39.37,,,
550,10,66,753517,11416.9,78.8,-19125,10.638,39.4,0,0,0,0,0,,,66,753517,11416.9,78.8,-19125,10.638,39.4,66,753517,11416.9,78.8,-19125,10.638,39.4,,,
560,10,59,763758,12945.1,84.7,-19125,14.583,39.94,0,0,0,0,0,,,59,763758,12945.1,84.7,-19125,14.583,39.94,59,763758,12945.1,84.7,-19125,14.583,39.94,,,
570,10,57,749591,13150.7,84.2,-19125,14.331,39.19,0,0,0,0,0,,,57,749591,13150.7,84.2,-19125,14.331,39.19,57,749591,13150.7,84.2,-19125,14.331,39.19,,,
580,10,48,673020,14021.3,81.2,-19125,12.969,35.19,0,0,0,0,0,,,48,673020,14021.3,81.2,-19125,12.969,35.19,48,673020,14021.3,81.2,-19125,12.969,35.19,,,
590,10,45,664162,14759.1,82.2,-19125,14.886,34.73,0,0,0,0,0,,,45,664162,14759.1,82.2,-19125,14.886,34.73,45,664162,14759.1,82.2,-19125,14.886,34.73,,,
600,10,42,628001,14952.4,83.3,-19125,15.009,32.84,0,0,0,0,0,,,42,628001,14952.4,83.3,-19125,15.009,32.84,42,628001,14952.4,83.3,-19125,15.009,32.84,,,
610,10,38,587983,15473.2,84.2,-11131,23.875,52.82,0,0,0,0,0,,,38,587983,15473.2,84.2,-11131,23.875,52.82,38,587983,15473.2,84.2,-11131,23.875,52.82,,,
620,10,37,562102,15191.9,83.8,-11131,22.869,50.5,0,0,0,0,0,,,37,562102,15191.9,83.8,-11131,22.869,50.5,37,562102,15191.9,83.8,-11131,22.869,50.5,,,
630,10,36,521934,14498.2,83.3,-11131,21.306,46.89,0,0,0,0,0,,,36,521934,14498.2,83.3,-11131,21.306,46.89,36,521934,14498.2,83.3,-11131,21.306,46.89,,,
640,10,33,502490,15227.0,84.8,-11131,21.762,45.14,0,0,0,0,0,,,33,502490,15227.0,84.8,-11131,21.762,45.14,33,502490,15227.0,84.8,-11131,21.762,45.14,,,
650,10,31,476950,15385.5,83.9,-11131,20.707,42.85,0,0,0,0,0,,,31,476950,15385.5,83.9,-11131,20.707,42.85,31,476950,15385.5,83.9,-11131,20.707,42.85,,,
0,20,3762,533627,141.8,45.1,-535476,1.115,1.0,2447,-399500,-163.3,42.3,-535476,0.838,-0.75,1315,933127,709.6,50.3,-93292,1.426,10.0,1557,1042065,669.3,50.5,-93292,1.422,11.17,87.5,41.2,41.2
10,20,3560,635017,178.4,45.7,-453817,1.143,1.4,2286,-313017,-136.9,42.8,-453817,0.864,-0.69,1274,948034,744.1,50.9,-82809,1.445,11.45,1504,1062425,706.4,51.1,-82809,1.443,12.83,90.9,43.0,43.0
20,20,3355,692903,206.5,45.9,-420514,1.163,1.65,2121,-284892,-134.3,42.9,-420514,0.87,-0.68,1234,977796,792.4,51.1,-72160,1.474,13.55,1457,1090149,748.2,51.3,-72160,1.469,15.11,93.2,44.8,44.8
30,20,3158,800820,253.6,46.7,-339069,1.198,2.36,1964,-174064,-88.6,43.9,-339069,0.914,-0.51,1194,974884,816.5,51.3,-69705,1.484,13.99,1404,1104915,787.0,51.7,-69705,1.49,15.85,95.9,50.2,50.2
40,20,2968,868615,292.7,47.4,-267354,1.225,3.25,1803,-93447,-51.8,44.9,-267354,0.95,-0.35,1165,962062,825.8,51.2,-74511,1.483,12.91,1363,1080038,792.4,51.7,-74511,1.485,14.49,96.7,54.9,54.9
50,20,2782,914773,328.8,47.8,-239145,1.247,3.83,1654,-62087,-37.5,45.2,-239145,0.965,-0.26,1128,976859,866.0,51.7,-73140,1.503,13.36,1319,1101455,835.1,52.0,-73140,1.508,15.06,95.3,58.2,58.2
60,20,2579,996530,386.4,48.5,-174667,1.287,5.71,1496,20499,13.7,46.1,-174667,1.013,0.12,1083,976031,901.2,51.8,-78388,1.521,12.45,1264,1103925,873.4,52.1,-78388,1.528,14.08,97.3,64.7,64.7
70,20,2411,1061241,440.2,48.8,-153055,1.321,6.93,1376,35661,25.9,46.4,-153055,1.023,0.23,1035,1025580,990.9,52.0,-80337,1.575,12.77,1209,1150439,951.6,52.3,-80337,1.577,14.32,97.0,67.2,67.2
80,20,2228,1091051,489.7,49.2,-159770,1.35,6.83,1230,60285,49.0,47.0,-159770,1.043,0.38,998,1030766,1032.8,52.0,-59584,1.598,17.3,1165,1145294,983.1,52.3,-59584,1.592,19.22,95.0,72.4,72.4
90,20,2060,1147437,557.0,50.0,-143117,1.393,8.02,1104,108708,98.5,48.1,-143117,1.086,0.76,956,1038729,1086.5,52.3,-63662,1.629,16.32,1116,1135743,1017.7,52.4,-63662,1.612,17.84,97.5,83.1,83.1
100,20,1917,1217021,634.9,50.5,-112522,1.445,10.82,994,152167,153.1,48.4,-112522,1.134,1.35,923,1064854,1153.7,52.9,-63662,1.667,16.73,1068,1167609,1093.3,53.0,-63662,1.654,18.34,99.8,87.5,87.5
110,20,1775,1251007,704.8,51.4,-107383,1.49,11.65,899,204267,227.2,49.7,-107383,1.2,1.9,876,1046740,1194.9,53.1,-67801,1.682,15.44,1012,1147649,1134.0,53.4,-67801,1.67,16.93,99.7,87.9,87.9
120,20,1640,1316915,803.0,52.3,-67801,1.56,19.42,800,267924,334.9,51.1,-66941,1.302,4.0,840,1048991,1248.8,53.3,-67801,1.717,15.47,964,1144143,1186.9,53.5,-67801,1.7,16.87,100.0,91.9,91.9
130,20,1534,1316521,858.2,52.5,-67801,1.592,19.42,725,261401,360.6,51.6,-63724,1.318,4.1,809,1055120,1304.2,53.4,-67801,1.752,15.56,924,1154024,1248.9,53.8,-67801,1.738,17.02,100.0,92.8,92.8
140,20,1435,1335926,931.0,53.4,-67801,1.632,19.7,655,258342,394.4,52.2,-47349,1.335,5.46,780,1077583,1381.5,54.5,-67801,1.803,15.89,887,1171662,1320.9,54.6,-67801,1.781,17.28,100.0,98.1,98.1
150,20,1329,1383021,1040.6,54.3,-67801,1.703,20.4,580,315471,543.9,54.0,-33316,1.472,9.47,749,1067550,1425.3,54.6,-67801,1.822,15.75,849,1176643,1385.9,55.0,-67801,1.82,17.35,100.0,100.0,100.0
160,20,1227,1419408,1156.8,55.0,-67801,1.785,20.93,523,354252,677.3,55.3,-34067,1.608,10.4,704,1065156,1513.0,54.8,-67801,1.87,15.71,796,1190892,1496.1,55.3,-67801,1.89,17.56,100.0,100.0,100.0
170,20,1149,1432832,1247.0,55.9,-67801,1.834,21.13,478,357576,748.1,56.3,-31465,1.66,11.36,671,1075256,1602.5,55.6,-67801,1.914,15.86,758,1205879,1590.9,56.1,-67801,1.94,17.79,100.0,100.0,100.0
180,20,1066,1424888,1336.7,56.6,-66209,1.896,21.52,426,340107,798.4,56.6,-35217,1.709,9.66,640,1084780,1695.0,56.6,-66209,1.977,16.38,720,1193436,1657.6,56.8,-66209,1.982,18.03,100.0,100.0,100.0
190,20,977,1455405,1489.7,57.2,-66209,2.01,21.98,366,372192,1016.9,58.7,-26048,1.977,14.29,611,1083213,1772.9,56.3,-66209,2.022,16.36,683,1181926,1730.5,56.4,-66209,2.022,17.85,100.0,100.0,100.0
200,20,915,1470308,1606.9,58.1,-66209,2.097,22.21,325,369185,1136.0,60.0,-20729,2.092,17.81,590,1101124,1866.3,57.1,-66209,2.099,16.63,657,1197429,1822.6,57.2,-66209,2.095,18.09,100.0,100.0,100.0
210,20,857,1421677,1658.9,58.8,-68286,2.103,20.82,297,354483,1193.5,60.9,-22274,2.114,15.91,560,1067194,1905.7,57.7,-68286,2.099,15.63,625,1156439,1850.3,57.6,-68286,2.088,16.94,100.0,100.0,100.0
220,20,797,1407736,1766.3,59.7,-68286,2.173,20.62,265,335468,1265.9,61.1,-22566,2.159,14.87,532,1072268,2015.5,59.0,-68286,2.177,15.7,596,1163690,1952.5,58.9,-68286,2.163,17.04,100.0,100.0,100.0
230,20,729,1445670,1983.1,60.4,-39636,2.365,36.47,235,359643,1530.4,62.6,-18743,2.503,19.19,494,1086028,2198.4,59.3,-39636,2.324,27.4,555,1187859,2140.3,59.3,-39636,2.322,29.97,100.0,100.0,100.0
240,20,672,1377643,2050.1,60.0,-39636,2.351,34.76,206,338452,1643.0,63.1,-18743,2.55,18.06,466,1039191,2230.0,58.6,-39636,2.297,26.22,521,1126366,2161.9,58.5,-39636,2.286,28.42,100.0,100.0,100.0
250,20,624,1370531,2196.4,60.1,-38497,2.441,35.6,186,327285,1759.6,63.4,-18743,2.639,17.46,438,1043246,2381.8,58.7,-38497,2.389,27.1,488,1129711,2315.0,58.6,-38497,2.378,29.35,100.0,100.0,100.0
260,20,568,1335281,2350.8,60.9,-38497,2.509,34.69,160,305400,1908.7,64.4,-18743,2.769,16.29,408,1029882,2524.2,59.6,-38497,2.446,26.75,454,1114941,2455.8,59.3,-38497,2.437,28.96,100.0,100.0,100.0
270,20,515,1336700,2595.5,62.3,-38497,2.672,34.72,136,284459,2091.6,65.4,-18743,2.933,15.18,379,1052241,2776.4,61.2,-38497,2.614,27.33,419,1141615,2724.6,61.1,-38497,2.618,29.65,100.0,100.0,100.0
280,20,475,1381133,2907.6,64.6,-38497,2.982,35.88,121,291485,2409.0,68.6,-18743,3.326,15.55,354,1089648,3078.1,63.3,-38497,2.907,28.3,389,1181654,3037.7,63.2,-38497,2.928,30.69,100.0,100.0,100.0
290,20,452,1343520,2972.4,64.6,-38497,2.998,34.9,109,275335,2526.0,68.8,-18743,3.547,14.69,343,1068185,3114.2,63.3,-38497,2.893,27.75,377,1157176,3069.4,63.1,-38497,2.91,30.06,100.0,100.0,100.0
300,20,427,1337997,3133.5,65.3,-38497,3.115,34.76,97,269131,2774.5,72.2,-11785,4.039,22.84,330,1068867,3239.0,63.3,-38497,2.965,27.76,361,1161076,3216.3,63.4,-38497,3.007,30.16,100.0,100.0,100.0
310,20,388,1324141,3412.7,67.0,-38497,3.34,34.4,77,250544,3253.8,72.7,-10151,5.006,24.68,311,1073597,3452.1,65.6,-38497,3.133,27.89,337,1178652,3497.5,65.9,-38497,3.264,30.62,100.0,100.0,100.0
320,20,363,1260791,3473.3,66.4,-38497,3.345,32.75,67,216209,3227.0,73.1,-10151,5.442,21.3,296,1044582,3529.0,64.9,-38497,3.136,27.13,319,1130680,3544.5,64.9,-38497,3.233,29.37,100.0,100.0,100.0
330,20,331,1234666,3730.1,66.2,-38497,3.617,32.07,55,200132,3638.8,72.7,-9046,5.97,22.12,276,1034534,3748.3,64.9,-38497,3.398,26.87,295,1112583,3771.5,64.7,-38497,3.485,28.9,100.0,100.0,100.0
340,20,299,1192428,3988.1,66.9,-38497,3.78,30.97,42,171204,4076.3,78.6,-9285,7.155,18.44,257,1021224,3973.6,65.0,-38497,3.546,26.53,271,1102340,4067.7,65.3,-38497,3.676,28.63,100.0,100.0,100.0
350,20,281,1222893,4351.9,69.0,-29556,4.273,41.38,39,172719,4428.7,82.1,-9285,7.605,18.6,242,1050175,4339.6,66.9,-29556,4.022,35.53,255,1132630,4441.7,67.5,-29556,4.173,38.32,100.0,100.0,100.0
360,20,250,1126299,4505.2,69.6,-29556,4.255,38.11,28,119022,4250.8,82.1,-9285,5.656,12.82,222,1007277,4537.3,68.0,-29556,4.143,34.08,231,1051635,4552.5,68.4,-29556,4.189,35.58,,,
370,20,237,1087263,4587.6,69.6,-29556,4.219,36.79,25,101417,4056.7,80.0,-9285,4.967,10.92,212,985846,4650.2,68.4,-29556,4.158,33.35,221,1030204,4661.6,68.8,-29556,4.205,34.86,,,
380,20,218,1022010,4688.1,69.3,-29556,4.225,34.58,22,74857,3402.6,77.3,-9285,3.928,8.06,196,947153,4832.4,68.4,-29556,4.251,32.05,203,971979,4788.1,68.5,-29556,4.233,32.89,,,
390,20,198,1034283,5223.7,70.7,-19327,5.015,53.52,14,37475,2676.8,64.3,-9285,2.466,4.04,184,996808,5417.4,71.2,-19327,5.296,51.58,190,1008636,5308.6,71.1,-19327,5.179,52.19,,,
400,20,184,1013792,5509.7,71.2,-19327,5.265,52.46,10,54169,5416.9,80.0,-4418,8.143,12.26,174,959623,5515.1,70.7,-19327,5.17,49.65,178,975031,5477.7,70.8,-19327,5.157,50.45,,,
410,20,167,982990,5886.2,71.9,-19327,5.651,50.86,7,35144,5020.6,71.4,-4418,5.634,7.95,160,947846,5924.0,71.9,-19327,5.651,49.04,163,957008,5871.2,71.8,-19327,5.597,49.52,,,
420,20,158,921036,5829.3,70.9,-19327,5.468,47.66,5,14647,2929.4,60.0,-4418,2.932,3.32,153,906388,5924.1,71.2,-19327,5.565,46.9,156,915551,5868.9,71.2,-19327,5.511,47.37,,,
430,20,153,914585,5977.7,71.9,-19327,5.53,47.32,4,17812,4453.1,75.0,-4418,5.032,4.03,149,896773,6018.6,71.8,-19327,5.541,46.4,152,905935,5960.1,71.7,-19327,5.487,46.87,,,
440,20,140,873004,6235.7,71.4,-19327,5.441,45.17,2,4232,2116.1,50.0,-4418,1.958,0.96,138,868772,6295.4,71.7,-19327,5.521,44.95,139,864354,6218.4,71.2,-19327,5.397,44.72,,,
450,20,122,859707,7046.8,73.8,-19325,6.319,44.49,2,4232,2116.1,50.0,-4418,1.958,0.96,120,855475,7129.0,74.2,-19325,6.442,44.27,121,851057,7033.5,73.6,-19325,6.266,44.04,,,
460,20,113,814761,7210.3,71.7,-19325,6.041,42.16,2,4232,2116.1,50.0,-4418,1.958,0.96,111,810529,7302.1,72.1,-19325,6.156,41.94,112,806111,7197.4,71.4,-19325,5.988,41.71,,,
470,20,107,798234,7460.1,72.0,-19325,6.093,41.31,1,-4418,-4418.0,0.0,-4418,0.0,-1.0,106,802652,7572.2,72.6,-19325,6.27,41.53,107,798234,7460.1,72.0,-19325,6.093,41.31,,,
480,20,97,789046,8134.5,74.2,-19325,6.29,40.83,1,-4418,-4418.0,0.0,-4418,0.0,-1.0,96,793464,8265.2,75.0,-19325,6.482,41.06,97,789046,8134.5,74.2,-19325,6.29,40.83,,,
490,20,87,781086,8978.0,74.7,-19325,7.735,40.42,1,-4418,-4418.0,0.0,-4418,0.0,-1.0,86,785504,9133.8,75.6,-19325,8.041,40.65,87,781086,8978.0,74.7,-19325,7.735,40.42,,,
500,20,85,788155,9272.4,75.3,-19325,8.261,40.78,1,-4418,-4418.0,0.0,-4418,0.0,-1.0,84,792573,9435.4,76.2,-19325,8.612,41.01,85,788155,9272.4,75.3,-19325,8.261,40.78,,,
510,20,76,763326,10043.8,75.0,-19325,8.476,39.5,0,0,0,0,0,,,76,763326,10043.8,75.0,-19325,8.476,39.5,76,763326,10043.8,75.0,-19325,8.476,39.5,,,
520,20,71,732156,10312.1,76.1,-19325,8.479,37.89,0,0,0,0,0,,,71,732156,10312.1,76.1,-19325,8.479,37.89,71,732156,10312.1,76.1,-19325,8.479,37.89,,,
530,20,70,732882,10469.7,77.1,-19325,8.542,37.92,0,0,0,0,0,,,70,732882,10469.7,77.1,-19325,8.542,37.92,70,732882,10469.7,77.1,-19325,8.542,37.92,,,
540,20,68,740493,10889.6,77.9,-19325,9.706,38.32,0,0,0,0,0,,,68,740493,10889.6,77.9,-19325,9.706,38.32,68,740493,10889.6,77.9,-19325,9.706,38.32,,,
550,20,66,741517,11235.1,78.8,-19325,10.179,38.37,0,0,0,0,0,,,66,741517,11235.1,78.8,-19325,10.179,38.37,66,741517,11235.1,78.8,-19325,10.179,38.37,,,
560,20,59,752858,12760.3,84.7,-19325,13.974,38.96,0,0,0,0,0,,,59,752858,12760.3,84.7,-19325,13.974,38.96,59,752858,12760.3,84.7,-19325,13.974,38.96,,,
570,20,57,739091,12966.5,84.2,-19325,13.737,38.25,0,0,0,0,0,,,57,739091,12966.5,84.2,-19325,13.737,38.25,57,739091,12966.5,84.2,-19325,13.737,38.25,,,
580,20,48,664120,13835.8,81.2,-19325,12.445,34.37,0,0,0,0,0,,,48,664120,13835.8,81.2,-19325,12.445,34.37,48,664120,13835.8,81.2,-19325,12.445,34.37,,,
590,20,45,655862,14574.7,82.2,-19325,14.268,33.94,0,0,0,0,0,,,45,655862,14574.7,82.2,-19325,14.268,33.94,45,655862,14574.7,82.2,-19325,14.268,33.94,,,
600,20,42,620301,14769.1,83.3,-19325,14.418,32.1,0,0,0,0,0,,,42,620301,14769.1,83.3,-19325,14.418,32.1,42,620301,14769.1,83.3,-19325,14.418,32.1,,,
610,20,38,581083,15291.7,84.2,-11331,22.599,51.28,0,0,0,0,0,,,38,581083,15291.7,84.2,-11331,22.599,51.28,38,581083,15291.7,84.2,-11331,22.599,51.28,,,
620,20,37,555302,15008.2,83.8,-11331,21.64,49.01,0,0,0,0,0,,,37,555302,15008.2,83.8,-11331,21.64,49.01,37,555302,15008.2,83.8,-11331,21.64,49.01,,,
630,20,36,515334,14314.8,83.3,-11331,20.155,45.48,0,0,0,0,0,,,36,515334,14314.8,83.3,-11331,20.155,45.48,36,515334,14314.8,83.3,-11331,20.155,45.48,,,
640,20,33,496490,15045.2,84.8,-11331,20.7,43.82,0,0,0,0,0,,,33,496490,15045.2,84.8,-11331,20.7,43.82,33,496490,15045.2,84.8,-11331,20.7,43.82,,,
650,20,31,471250,15201.6,83.9,-11331,19.699,41.59,0,0,0,0,0,,,31,471250,15201.6,83.9,-11331,19.699,41.59,31,471250,15201.6,83.9,-11331,19.699,41.59,,,
0,30,3762,-110673,-29.4,42.4,-939775,0.978,-0.12,2447,-822200,-336.0,38.7,-912077,0.697,-0.9,1315,711527,541.1,49.2,-129581,1.309,5.49,1557,778765,500.2,49.1,-140974,1.299,5.52,61.8,25.0,25.0
10,30,3560,22217,6.2,42.9,-808263,1.005,0.03,2286,-710417,-310.8,39.1,-808263,0.72,-0.88,1274,732634,575.1,49.8,-116311,1.328,6.3,1504,807225,536.7,49.7,-116374,1.32,6.94,65.2,27.2,27.2
20,30,3355,110903,33.1,43.3,-753562,1.024,0.15,2121,-657492,-310.0,39.3,-753562,0.727,-0.87,1234,768396,622.7,50.1,-104754,1.355,7.34,1457,841949,577.9,50.0,-104754,1.344,8.04,65.7,29.3,29.3
30,30,3158,248820,78.8,44.1,-636973,1.057,0.39,1964,-522564,-266.1,40.2,-636973,0.765,-0.82,1194,771384,646.1,50.4,-107251,1.365,7.19,1404,864615,615.8,50.5,-107251,1.364,8.06,72.1,32.9,32.9
40,30,2968,347015,116.9,44.7,-518899,1.084,0.67,1803,-415447,-230.4,41.1,-518899,0.797,-0.8,1165,762462,654.5,50.3,-112464,1.365,6.78,1363,845438,620.3,50.4,-112464,1.361,7.52,76.5,35.8,35.8
50,30,2782,423673,152.3,45.1,-470665,1.107,0.9,1654,-358887,-217.0,41.3,-470665,0.814,-0.76,1128,782559,693.8,50.7,-106542,1.384,7.35,1319,873255,662.1,50.8,-106542,1.383,8.2,78.3,38.5,38.5
60,30,2579,539930,209.4,45.8,-370824,1.145,1.46,1496,-249001,-166.4,42.2,-370824,0.858,-0.67,1083,788931,728.5,50.8,-105657,1.401,7.47,1264,884725,699.9,50.9,-105657,1.403,8.37,82.0,41.5,41.5
70,30,2411,631541,261.9,46.1,-333447,1.179,1.89,1376,-214139,-155.6,42.3,-333447,0.871,-0.64,1035,845680,817.1,51.0,-104704,1.452,8.08,1209,939539,777.1,51.0,-104704,1.448,8.97,84.2,44.2,44.2
80,30,2228,690951,310.1,46.7,-277669,1.208,2.49,1230,-165515,-134.6,43.1,-277669,0.891,-0.6,998,856466,858.2,51.2,-83239,1.474,10.29,1165,941094,807.8,51.2,-83239,1.463,11.31,89.0,51.1,51.1
90,30,2060,777337,377.3,47.7,-199118,1.25,3.9,1104,-93992,-85.1,44.5,-199118,0.932,-0.47,956,871329,911.4,51.5,-68962,1.503,12.63,1116,939643,842.0,51.3,-74716,1.482,12.58,93.0,57.7,57.7
100,30,1917,871921,454.8,48.4,-163622,1.3,5.33,994,-31133,-31.3,45.0,-163622,0.975,-0.19,923,903054,978.4,52.0,-68962,1.539,13.1,1068,979509,917.1,51.9,-68962,1.523,14.2,95.7,63.3,63.3
110,30,1775,930407,524.2,49.3,-155583,1.343,5.98,899,37867,42.1,46.4,-155583,1.034,0.24,876,892540,1018.9,52.2,-68901,1.555,12.95,1012,968449,957.0,52.2,-68901,1.538,14.06,96.7,75.1,75.1
120,30,1640,1020315,622.1,50.2,-116311,1.409,8.77,800,120024,150.0,47.9,-116311,1.125,1.03,840,900291,1071.8,52.4,-68901,1.588,13.07,964,972643,1009.0,52.4,-68901,1.567,14.12,99.1,84.9,84.9
130,30,1534,1038721,677.1,50.6,-109068,1.44,9.52,725,127101,175.3,48.5,-109068,1.143,1.17,809,911620,1126.8,52.4,-68901,1.62,13.23,924,989324,1070.7,52.6,-68901,1.603,14.36,99.8,85.3,85.3
140,30,1435,1075326,749.4,51.5,-91534,1.48,11.75,655,136442,208.3,49.1,-91534,1.164,1.49,780,938883,1203.7,53.5,-68901,1.667,13.63,887,1013162,1142.2,53.3,-68901,1.644,14.7,100.0,90.8,90.8
150,30,1329,1141121,858.6,52.4,-68901,1.548,16.56,580,206871,356.7,50.8,-50495,1.287,4.1,749,934250,1247.3,53.7,-68901,1.687,13.56,849,1024743,1207.0,53.8,-68901,1.681,14.87,100.0,96.8,96.8
160,30,1227,1195608,974.4,53.2,-68901,1.626,17.35,523,256152,489.8,52.1,-46467,1.407,5.51,704,939456,1334.5,54.0,-68901,1.733,13.63,796,1048092,1316.7,54.1,-68901,1.747,15.21,100.0,99.8,99.8
170,30,1149,1223332,1064.7,54.4,-68901,1.675,17.75,478,268276,561.2,53.5,-43365,1.461,6.19,671,955056,1423.3,55.0,-68901,1.777,13.86,758,1069579,1411.1,55.1,-68901,1.796,15.52,100.0,100.0,100.0
180,30,1066,1230588,1154.4,55.2,-67109,1.734,18.34,426,260407,611.3,54.1,-45717,1.505,5.7,640,970180,1515.9,55.9,-67109,1.836,14.46,720,1064136,1478.0,55.8,-67109,1.837,15.86,100.0,100.0,100.0
190,30,977,1277305,1307.4,55.8,-67109,1.841,19.03,366,303892,830.3,56.2,-35248,1.74,8.62,611,973413,1593.1,55.6,-67109,1.878,14.51,683,1058826,1550.3,55.3,-67109,1.875,15.78,100.0,100.0,100.0
200,30,915,1302808,1423.8,56.8,-67109,1.923,19.41,325,308085,948.0,57.4,-28829,1.847,10.69,590,994724,1686.0,56.4,-67109,1.949,14.82,657,1078629,1641.7,56.2,-67109,1.942,16.07,100.0,100.0,100.0
210,30,857,1264277,1475.2,57.5,-68986,1.933,18.33,297,298583,1005.3,58.4,-28447,1.876,10.5,560,965694,1724.5,57.0,-68986,1.952,14.0,625,1042839,1668.5,56.6,-68986,1.939,15.12,100.0,100.0,100.0
220,30,797,1261436,1582.7,58.4,-68986,2.001,18.29,265,285668,1078.0,58.7,-28921,1.922,9.88,532,975768,1834.2,58.3,-68986,2.026,14.14,596,1055290,1770.6,57.9,-68986,2.009,15.3,100.0,100.0,100.0
230,30,729,1311470,1799.0,58.9,-42736,2.178,30.69,235,315443,1342.3,59.8,-20432,2.229,15.44,494,996028,2016.2,58.5,-42736,2.163,23.31,555,1086559,1957.8,58.2,-42736,2.156,25.42,100.0,100.0,100.0
240,30,672,1253543,1865.4,58.9,-42736,2.172,29.33,206,299552,1454.1,61.0,-19243,2.285,15.57,466,953991,2047.2,57.9,-42736,2.14,22.32,521,1031066,1979.0,57.8,-42736,2.127,24.13,100.0,100.0,100.0
250,30,624,1254931,2011.1,59.2,-38997,2.258,32.18,186,291785,1568.7,62.2,-19243,2.37,15.16,438,963146,2199.0,58.0,-38997,2.228,24.7,488,1040311,2131.8,58.0,-38997,2.214,26.68,100.0,100.0,100.0
260,30,568,1229881,2165.3,60.0,-40021,2.328,30.73,160,274900,1718.1,62.9,-19243,2.496,14.29,408,954982,2340.6,58.8,-40021,2.286,23.86,454,1031541,2272.1,58.6,-40021,2.273,25.78,100.0,100.0,100.0
270,30,515,1241000,2409.7,61.6,-38997,2.485,31.82,136,258359,1899.7,64.0,-19243,2.649,13.43,379,982641,2592.7,60.7,-38997,2.447,25.2,419,1064615,2540.8,60.6,-38997,2.447,27.3,100.0,100.0,100.0
280,30,475,1292633,2721.3,63.8,-38997,2.774,33.15,121,268285,2217.2,66.9,-19243,3.018,13.94,354,1024348,2893.6,62.7,-38997,2.72,26.27,389,1109954,2853.4,62.7,-38997,2.735,28.46,100.0,100.0,100.0
290,30,452,1259320,2786.1,63.7,-38997,2.792,32.29,109,254335,2333.3,67.0,-19243,3.213,13.22,343,1004985,2930.0,62.7,-38997,2.71,25.77,377,1087676,2885.1,62.6,-38997,2.722,27.89,100.0,100.0,100.0
300,30,427,1258297,2946.8,64.6,-38997,2.905,32.27,97,250331,2580.7,71.1,-11985,3.663,20.89,330,1007967,3054.4,62.7,-38997,2.78,25.85,361,1094376,3031.5,62.9,-38997,2.814,28.06,100.0,100.0,100.0
310,30,388,1251941,3226.7,66.2,-38997,3.122,32.1,77,235744,3061.6,71.4,-11151,4.529,21.14,311,1016197,3267.5,65.0,-38997,2.943,26.06,337,1116452,3312.9,65.3,-38997,3.06,28.63,100.0,100.0,100.0
320,30,363,1193091,3286.8,65.6,-38997,3.128,30.59,67,203109,3031.5,71.6,-11151,4.882,18.21,296,989982,3344.5,64.2,-38997,2.948,25.39,319,1071680,3359.5,64.3,-38997,3.033,27.48,100.0,100.0,100.0
330,30,331,1172866,3543.4,65.6,-38997,3.38,30.08,55,189432,3444.2,70.9,-9846,5.373,19.24,276,983434,3563.2,64.5,-38997,3.188,25.22,295,1057883,3586.0,64.4,-38997,3.265,27.13,100.0,100.0,100.0
340,30,299,1136828,3802.1,66.2,-38997,3.541,29.15,42,163004,3881.1,76.2,-9685,6.495,16.83,257,973824,3789.2,64.6,-38997,3.331,24.97,271,1052240,3882.8,64.9,-38997,3.451,26.98,100.0,100.0,100.0
350,30,281,1170493,4165.5,68.7,-29956,4.002,39.07,39,165119,4233.8,82.1,-9685,6.993,17.05,242,1005375,4154.4,66.5,-29956,3.774,33.56,255,1085330,4256.2,67.1,-29956,3.914,36.23,100.0,100.0,100.0
360,30,250,1079799,4319.2,69.2,-29956,3.997,36.05,28,113622,4057.9,82.1,-9685,5.277,11.73,222,966177,4352.1,67.6,-29956,3.895,32.25,231,1008835,4367.3,68.0,-29956,3.937,33.68,,,
370,30,237,1043263,4402.0,69.2,-29956,3.969,34.83,25,96617,3864.7,80.0,-9685,4.637,9.98,212,946646,4465.3,67.9,-29956,3.915,31.6,221,989304,4476.5,68.3,-29956,3.958,33.02,,,
380,30,218,981310,4501.4,68.8,-29956,3.977,32.76,22,70657,3211.7,77.3,-9685,3.66,7.3,196,910653,4646.2,67.9,-29956,4.005,30.4,203,934179,4601.9,68.0,-29956,3.987,31.18,,,
390,30,198,997383,5037.3,70.2,-19827,4.713,50.31,14,34875,2491.1,64.3,-9685,2.313,3.6,184,962508,5231.0,70.7,-19827,4.977,48.55,190,973236,5122.3,70.5,-19827,4.866,49.09,,,
400,30,184,979592,5323.9,70.7,-19827,4.955,49.41,10,52369,5236.9,80.0,-4618,7.56,11.34,174,927223,5328.9,70.1,-19827,4.868,46.77,178,941931,5291.7,70.2,-19827,4.855,47.51,,,
410,30,167,951990,5700.5,71.3,-19827,5.324,48.02,7,33744,4820.6,71.4,-4618,5.227,7.31,160,918246,5739.0,71.2,-19827,5.328,46.31,163,926808,5685.9,71.2,-19827,5.275,46.75,,,
420,30,158,891836,5644.5,70.3,-19827,5.153,44.98,5,13647,2729.4,60.0,-4618,2.709,2.96,153,878188,5739.8,70.6,-19827,5.248,44.29,156,886751,5684.3,70.5,-19827,5.195,44.73,,,
430,30,153,886385,5793.4,71.2,-19827,5.223,44.71,4,17012,4253.1,75.0,-4618,4.684,3.68,149,869373,5834.7,71.1,-19827,5.235,43.85,152,877935,5775.9,71.1,-19827,5.183,44.28,,,
440,30,140,846904,6049.3,70.7,-19827,5.15,42.72,2,3832,1916.1,50.0,-4618,1.83,0.83,138,843072,6109.2,71.0,-19827,5.227,42.52,139,838454,6032.0,70.5,-19827,5.108,42.29,,,
450,30,122,837107,6861.5,73.8,-19525,6.0,42.87,2,3832,1916.1,50.0,-4618,1.83,0.83,120,833275,6944.0,74.2,-19525,6.118,42.68,121,828657,6848.4,73.6,-19525,5.95,42.44,,,
460,30,113,793861,7025.3,71.7,-19525,5.742,40.66,2,3832,1916.1,50.0,-4618,1.83,0.83,111,790029,7117.4,72.1,-19525,5.853,40.46,112,785411,7012.6,71.4,-19525,5.691,40.23,,,
470,30,107,778434,7275.1,72.0,-19525,5.801,39.87,1,-4618,-4618.0,0.0,-4618,0.0,-1.0,106,783052,7387.3,72.6,-19525,5.971,40.11,107,778434,7275.1,72.0,-19525,5.801,39.87,,,
480,30,97,771046,7948.9,74.2,-19525,6.014,39.49,1,-4618,-4618.0,0.0,-4618,0.0,-1.0,96,775664,8079.8,75.0,-19525,6.201,39.73,97,771046,7948.9,74.2,-19525,6.014,39.49,,,
490,30,87,765086,8794.1,74.7,-19525,7.377,39.19,1,-4618,-4618.0,0.0,-4618,0.0,-1.0,86,769704,8950.0,75.6,-19525,7.672,39.42,87,765086,8794.1,74.7,-19525,7.377,39.19,,,
500,30,85,772555,9088.9,75.3,-19525,7.877,39.57,1,-4618,-4618.0,0.0,-4618,0.0,-1.0,84,777173,9252.1,76.2,-19525,8.214,39.8,85,772555,9088.9,75.3,-19525,7.877,39.57,,,
510,30,76,749526,9862.2,75.0,-19525,8.105,38.39,0,0,0,0,0,,,76,749526,9862.2,75.0,-19525,8.105,38.39,76,749526,9862.2,75.0,-19525,8.105,38.39,,,
520,30,71,719256,10130.4,76.1,-19525,8.122,36.84,0,0,0,0,0,,,71,719256,10130.4,76.1,-19525,8.122,36.84,71,719256,10130.4,76.1,-19525,8.122,36.84,,,
530,30,70,720082,10286.9,77.1,-19525,8.189,36.88,0,0,0,0,0,,,70,720082,10286.9,77.1,-19525,8.189,36.88,70,720082,10286.9,77.1,-19525,8.189,36.88,,,
540,30,68,728093,10707.3,77.9,-19525,9.288,37.29,0,0,0,0,0,,,68,728093,10707.3,77.9,-19525,9.288,37.29,68,728093,10707.3,77.9,-19525,9.288,37.29,,,
550,30,66,729517,11053.3,78.8,-19525,9.749,37.36,0,0,0,0,0,,,66,729517,11053.3,78.8,-19525,9.749,37.36,66,729517,11053.3,78.8,-19525,9.749,37.36,,,
560,30,59,741958,12575.6,84.7,-19525,13.401,38.0,0,0,0,0,0,,,59,741958,12575.6,84.7,-19525,13.401,38.0,59,741958,12575.6,84.7,-19525,13.401,38.0,,,
570,30,57,728591,12782.3,84.2,-19525,13.178,37.32,0,0,0,0,0,,,57,728591,12782.3,84.2,-19525,13.178,37.32,57,728591,12782.3,84.2,-19525,13.178,37.32,,,
580,30,48,655220,13650.4,81.2,-19525,11.952,33.56,0,0,0,0,0,,,48,655220,13650.4,81.2,-19525,11.952,33.56,48,655220,13650.4,81.2,-19525,11.952,33.56,,,
590,30,45,647562,14390.3,82.2,-19525,13.69,33.17,0,0,0,0,0,,,45,647562,14390.3,82.2,-19525,13.69,33.17,45,647562,14390.3,82.2,-19525,13.69,33.17,,,
600,30,42,612601,14585.7,83.3,-19525,13.862,31.38,0,0,0,0,0,,,42,612601,14585.7,83.3,-19525,13.862,31.38,42,612601,14585.7,83.3,-19525,13.862,31.38,,,
610,30,38,574183,15110.1,84.2,-11531,21.431,49.79,0,0,0,0,0,,,38,574183,15110.1,84.2,-11531,21.431,49.79,38,574183,15110.1,84.2,-11531,21.431,49.79,,,
620,30,37,548502,14824.4,83.8,-11531,20.517,47.57,0,0,0,0,0,,,37,548502,14824.4,83.8,-11531,20.517,47.57,37,548502,14824.4,83.8,-11531,20.517,47.57,,,
630,30,36,508734,14131.5,83.3,-11531,19.102,44.12,0,0,0,0,0,,,36,508734,14131.5,83.3,-11531,19.102,44.12,36,508734,14131.5,83.3,-11531,19.102,44.12,,,
640,30,33,490490,14863.3,84.8,-11531,19.719,42.54,0,0,0,0,0,,,33,490490,14863.3,84.8,-11531,19.719,42.54,33,490490,14863.3,84.8,-11531,19.719,42.54,,,
650,30,31,465550,15017.7,83.9,-11531,18.767,40.37,0,0,0,0,0,,,31,465550,15017.7,83.9,-11531,18.767,40.37,31,465550,15017.7,83.9,-11531,18.767,40.37,,,
0,50,3762,-1399273,-371.9,37.2,-2062467,0.759,-0.68,2447,-1667600,-681.5,32.4,-1682788,0.489,-0.99,1315,268327,204.1,46.2,-395719,1.106,0.68,1557,252165,162.0,45.5,-466634,1.088,0.54,21.3,11.2,10.2
10,50,3560,-1203383,-338.0,37.8,-1867417,0.782,-0.64,2286,-1505217,-658.5,32.9,-1525940,0.506,-0.99,1274,301834,236.9,46.7,-363051,1.123,0.83,1504,296825,197.4,46.1,-427196,1.106,0.69,22.6,12.3,11.2
20,50,3355,-1053097,-313.9,38.1,-1727495,0.8,-0.61,2121,-1402692,-661.3,33.0,-1425680,0.514,-0.98,1234,349596,283.3,47.0,-336140,1.147,1.04,1457,345549,237.2,46.4,-390492,1.128,0.88,23.9,12.8,11.6
30,50,3158,-855180,-270.8,39.0,-1523849,0.829,-0.56,1964,-1219564,-621.0,34.0,-1262373,0.542,-0.97,1194,364384,305.2,47.2,-317016,1.157,1.15,1404,384015,273.5,46.7,-354017,1.146,1.08,26.1,14.4,12.9
40,50,2968,-696185,-234.6,39.8,-1364571,0.853,-0.51,1803,-1059447,-587.6,35.0,-1095099,0.568,-0.97,1165,363262,311.8,47.2,-317413,1.158,1.14,1363,376238,276.0,46.7,-352385,1.146,1.07,27.4,14.6,12.8
50,50,2782,-558527,-200.8,40.3,-1246945,0.877,-0.45,1654,-952487,-575.9,35.3,-1000024,0.584,-0.95,1128,393959,349.3,47.6,-302834,1.176,1.3,1319,416855,316.0,47.2,-329960,1.166,1.26,29.6,16.9,15.5
60,50,2579,-373270,-144.7,41.3,-1085235,0.912,-0.34,1496,-788001,-526.7,36.6,-850644,0.62,-0.93,1083,414731,382.9,47.9,-288157,1.192,1.44,1264,446325,353.1,47.5,-324002,1.184,1.38,36.3,16.8,15.8
70,50,2411,-227859,-94.5,41.8,-976288,0.943,-0.23,1376,-713739,-518.7,36.9,-778047,0.636,-0.92,1035,485880,469.4,48.4,-251339,1.237,1.93,1209,517739,428.2,48.1,-288718,1.224,1.79,39.7,17.1,16.2
80,50,2228,-109249,-49.0,42.6,-838571,0.971,-0.13,1230,-617115,-501.7,37.8,-676869,0.655,-0.91,998,507866,508.9,48.6,-212256,1.256,2.39,1165,532694,457.2,48.3,-243022,1.238,2.19,40.9,18.9,17.9
90,50,2060,37137,18.0,43.7,-704345,1.011,0.05,1104,-499392,-452.3,39.3,-548867,0.69,-0.91,956,536529,561.2,48.8,-190461,1.282,2.82,1116,547443,490.5,48.5,-239804,1.255,2.28,46.4,19.0,17.5
100,50,1917,181721,94.8,44.2,-557597,1.055,0.33,994,-397733,-400.1,39.5,-464973,0.725,-0.86,923,579454,627.8,49.3,-157019,1.316,3.69,1068,603309,564.9,49.0,-189456,1.293,3.18,55.8,25.2,23.5
110,50,1775,289207,162.9,45.0,-429163,1.095,0.67,899,-294933,-328.1,40.8,-366718,0.772,-0.8,876,584140,666.8,49.3,-140289,1.332,4.16,1012,610049,602.8,49.1,-155837,1.309,3.91,71.1,26.2,26.2
120,50,1640,427115,260.4,46.0,-277114,1.152,1.54,800,-175776,-219.7,42.4,-251869,0.844,-0.7,840,602891,717.7,49.5,-119117,1.359,5.06,964,629643,653.2,49.4,-119117,1.334,5.29,80.4,35.1,35.1
130,50,1534,483121,314.9,46.6,-233390,1.182,2.07,725,-141499,-195.2,43.4,-233390,0.863,-0.61,809,624620,772.1,49.4,-110031,1.388,5.68,924,659924,714.2,49.6,-110031,1.366,6.0,79.3,45.5,45.4
140,50,1435,554126,386.2,47.7,-200800,1.221,2.76,655,-107358,-163.9,44.4,-200800,0.888,-0.53,780,661483,848.1,50.4,-95029,1.429,6.96,887,696162,784.9,50.3,-95029,1.403,7.33,82.3,53.0,53.0
150,50,1329,657321,494.6,48.8,-143447,1.283,4.58,580,-10329,-17.8,46.6,-143447,0.988,-0.07,749,667650,891.4,50.5,-87028,1.448,7.67,849,720943,849.2,50.6,-87028,1.437,8.28,91.1,65.9,65.9
160,50,1227,748008,609.6,50.0,-109810,1.351,6.81,523,59952,114.6,48.4,-109810,1.082,0.55,704,688056,977.4,51.1,-85523,1.491,8.05,796,762492,957.9,51.4,-85523,1.495,8.92,98.0,78.9,78.4
170,50,1149,804332,700.0,51.3,-85119,1.4,9.45,478,89676,187.6,50.2,-85119,1.134,1.05,671,714656,1065.1,52.0,-73169,1.533,9.77,758,796979,1051.4,52.4,-73169,1.542,10.89,100.0,89.6,89.6
180,50,1066,841988,789.9,52.2,-68909,1.453,12.22,426,101007,237.1,50.9,-66717,1.171,1.51,640,740980,1157.8,53.0,-68909,1.586,10.75,720,805536,1118.8,53.1,-68909,1.58,11.69,100.0,96.1,96.1
190,50,977,921105,942.8,52.8,-68909,1.548,13.37,366,167292,457.1,52.7,-53648,1.353,3.12,611,753813,1233.7,52.9,-68909,1.624,10.94,683,812626,1189.8,52.9,-68909,1.614,11.79,100.0,98.1,98.1
200,50,915,967808,1057.7,53.9,-68909,1.619,14.04,325,185885,572.0,54.5,-45029,1.444,4.13,590,781924,1325.3,53.6,-68909,1.684,11.35,657,841029,1280.1,53.6,-68909,1.672,12.21,100.0,100.0,100.0
210,50,857,949477,1107.9,54.6,-70386,1.635,13.49,297,186783,628.9,55.6,-51154,1.479,3.65,560,762694,1362.0,54.1,-70386,1.691,10.84,625,815639,1305.0,54.1,-70386,1.672,11.59,100.0,100.0,100.0
220,50,797,968836,1215.6,55.5,-70386,1.698,13.76,265,186068,702.1,55.8,-47842,1.527,3.89,532,782768,1471.4,55.3,-70386,1.757,11.12,596,838490,1406.9,55.2,-70386,1.735,11.91,100.0,100.0,100.0
230,50,729,1043070,1430.8,56.4,-48936,1.85,21.31,235,227043,966.1,57.4,-32232,1.773,7.04,494,816028,1651.9,55.9,-48936,1.874,16.68,555,883959,1592.7,55.9,-48936,1.861,18.06,100.0,100.0,100.0
240,50,672,1005343,1496.0,56.5,-48936,1.856,20.54,206,221752,1076.5,58.3,-25126,1.837,8.83,466,783591,1681.5,55.8,-48936,1.861,16.01,521,840466,1613.2,55.9,-48936,1.843,17.17,100.0,100.0,100.0
250,50,624,1023731,1640.6,56.9,-42716,1.935,23.97,186,220785,1187.0,59.1,-25576,1.914,8.63,438,802946,1833.2,55.9,-42716,1.941,18.8,488,861511,1765.4,56.1,-42716,1.923,20.17,100.0,100.0,100.0
260,50,568,1019081,1794.2,57.7,-45821,2.005,22.24,160,213900,1336.9,60.6,-22321,2.03,9.58,408,805182,1973.5,56.6,-45821,1.999,17.57,454,864741,1904.7,56.6,-45821,1.981,18.87,100.0,100.0,100.0
270,50,515,1049600,2038.1,59.4,-39997,2.151,26.24,136,206159,1515.9,61.8,-20243,2.166,10.18,379,843441,2225.4,58.6,-39997,2.147,21.09,419,910615,2173.3,58.7,-39997,2.141,22.77,100.0,100.0,100.0
280,50,475,1115633,2348.7,61.5,-39997,2.403,27.89,121,221885,1833.8,64.5,-20243,2.484,10.96,354,893748,2524.7,60.5,-39997,2.384,22.35,389,966554,2484.7,60.7,-39997,2.391,24.17,100.0,100.0,100.0
290,50,452,1090920,2413.5,61.5,-39997,2.424,27.27,109,212335,1948.0,65.1,-20243,2.638,10.49,343,878585,2561.5,60.3,-39997,2.38,21.97,377,948676,2516.4,60.5,-39997,2.384,23.72,100.0,100.0,100.0
300,50,427,1098897,2573.5,62.3,-39997,2.529,27.47,97,212731,2193.1,69.1,-12725,3.012,16.72,330,886167,2685.4,60.3,-39997,2.445,22.16,361,960976,2662.0,60.7,-39997,2.468,24.03,100.0,100.0,100.0
310,50,388,1107541,2854.5,63.9,-39997,2.729,27.69,77,206144,2677.2,70.1,-13151,3.72,15.67,311,901397,2898.4,62.4,-39997,2.596,22.54,337,992052,2943.8,62.9,-39997,2.691,24.8,100.0,100.0,100.0
320,50,363,1057691,2913.7,63.1,-39997,2.737,26.44,67,176909,2640.4,70.1,-13151,3.943,13.45,296,880782,2975.6,61.5,-39997,2.605,22.02,319,953680,2989.6,61.8,-39997,2.67,23.84,100.0,100.0,100.0
330,50,331,1049266,3170.0,62.8,-39997,2.953,26.23,55,168032,3055.1,69.1,-11446,4.368,14.68,276,881234,3192.9,61.6,-39997,2.808,22.03,295,948483,3215.2,61.7,-39997,2.868,23.71,100.0,100.0,100.0
340,50,299,1025628,3430.2,63.5,-39997,3.107,25.64,42,146604,3490.6,73.8,-10485,5.331,13.98,257,879024,3420.3,61.9,-39997,2.941,21.98,271,952040,3513.1,62.4,-39997,3.042,23.8,100.0,100.0,100.0
350,50,281,1065693,3792.5,65.8,-30756,3.511,34.65,39,149919,3844.1,79.5,-10485,5.91,14.3,242,915775,3784.2,63.6,-30756,3.325,29.78,255,990730,3885.2,64.3,-30756,3.445,32.21,100.0,100.0,100.0
360,50,250,986799,3947.2,66.0,-30756,3.524,32.08,28,102822,3672.2,78.6,-10485,4.577,9.81,222,883977,3981.9,64.4,-30756,3.441,28.74,231,923235,3996.7,64.9,-30756,3.478,30.02,,,
370,50,237,955263,4030.6,66.7,-30756,3.513,31.06,25,87017,3480.7,80.0,-10485,4.046,8.3,212,868246,4095.5,65.1,-30756,3.469,28.23,221,907504,4106.4,65.6,-30756,3.506,29.51,,,
380,50,218,899910,4128.0,66.1,-30756,3.523,29.26,22,62257,2829.9,77.3,-10485,3.18,5.94,196,837653,4273.7,64.8,-30756,3.553,27.24,203,858579,4229.5,65.0,-30756,3.536,27.92,,,
390,50,198,923583,4664.6,67.7,-20827,4.163,44.35,14,29675,2119.7,64.3,-10485,2.039,2.83,184,893908,4858.2,67.9,-20827,4.393,42.92,190,902436,4749.7,67.9,-20827,4.294,43.33,,,
400,50,184,911192,4952.1,67.9,-20827,4.386,43.75,10,48769,4876.9,80.0,-5018,6.553,9.72,174,862423,4956.5,67.2,-20827,4.313,41.41,178,875731,4919.8,67.4,-20827,4.3,42.05,,,
410,50,167,889990,5329.3,68.9,-20827,4.726,42.73,7,30944,4420.6,71.4,-5018,4.523,6.17,160,859046,5369.0,68.8,-20827,4.733,41.25,163,866408,5315.4,68.7,-20827,4.685,41.6,,,
420,50,158,833436,5274.9,67.7,-20827,4.576,40.02,5,11647,2329.4,60.0,-5018,2.326,2.32,153,821788,5371.2,68.0,-20827,4.665,39.46,156,829151,5315.1,67.9,-20827,4.616,39.81,,,
430,50,153,829985,5424.7,68.6,-20827,4.656,39.85,4,15412,3853.1,75.0,-5018,4.071,3.07,149,814573,5466.9,68.5,-20827,4.669,39.11,152,821935,5407.5,68.4,-20827,4.621,39.47,,,
440,50,140,794704,5676.5,67.9,-20827,4.609,38.16,2,3032,1516.1,50.0,-5018,1.604,0.6,138,791672,5736.8,68.1,-20827,4.679,38.01,139,786654,5659.4,67.6,-20827,4.573,37.77,,,
450,50,122,791907,6491.0,71.3,-20665,5.401,38.32,2,3032,1516.1,50.0,-5018,1.604,0.6,120,788875,6574.0,71.7,-20665,5.51,38.17,121,783857,6478.2,71.1,-20665,5.357,37.93,,,
460,50,113,752061,6655.4,69.0,-20665,5.18,36.39,2,3032,1516.1,50.0,-5018,1.604,0.6,111,749029,6748.0,69.4,-20665,5.282,36.25,112,744011,6643.0,68.8,-20665,5.135,36.0,,,
470,50,107,738834,6905.0,69.2,-20665,5.25,35.75,1,-5018,-5018.0,0.0,-5018,0.0,-1.0,106,743852,7017.5,69.8,-20665,5.406,36.0,107,738834,6905.0,69.2,-20665,5.25,35.75,,,
480,50,97,735046,7577.8,72.2,-20665,5.495,35.57,1,-5018,-5018.0,0.0,-5018,0.0,-1.0,96,740064,7709.0,72.9,-20665,5.669,35.81,97,735046,7577.8,72.2,-20665,5.495,35.57,,,
490,50,87,733086,8426.3,72.4,-20665,6.703,35.48,1,-5018,-5018.0,0.0,-5018,0.0,-1.0,86,738104,8582.6,73.3,-20665,6.976,35.72,87,733086,8426.3,72.4,-20665,6.703,35.48,,,
500,50,85,741355,8721.8,74.1,-20665,7.164,35.88,1,-5018,-5018.0,0.0,-5018,0.0,-1.0,84,746373,8885.4,75.0,-20665,7.476,36.12,85,741355,8721.8,74.1,-20665,7.164,35.88,,,
510,50,76,721926,9499.0,75.0,-20665,7.429,34.93,0,0,0,0,0,,,76,721926,9499.0,75.0,-20665,7.429,34.93,76,721926,9499.0,75.0,-20665,7.429,34.93,,,
520,50,71,693456,9767.0,76.1,-20665,7.469,33.56,0,0,0,0,0,,,71,693456,9767.0,76.1,-20665,7.469,33.56,71,693456,9767.0,76.1,-20665,7.469,33.56,,,
530,50,70,694482,9921.2,77.1,-20665,7.541,33.61,0,0,0,0,0,,,70,694482,9921.2,77.1,-20665,7.541,33.61,70,694482,9921.2,77.1,-20665,7.541,33.61,,,
540,50,68,703293,10342.5,77.9,-19925,8.526,35.3,0,0,0,0,0,,,68,703293,10342.5,77.9,-19925,8.526,35.3,68,703293,10342.5,77.9,-19925,8.526,35.3,,,
550,50,66,705517,10689.6,78.8,-19925,8.965,35.41,0,0,0,0,0,,,66,705517,10689.6,78.8,-19925,8.965,35.41,66,705517,10689.6,78.8,-19925,8.965,35.41,,,
560,50,59,720158,12206.1,84.7,-19925,12.354,36.14,0,0,0,0,0,,,59,720158,12206.1,84.7,-19925,12.354,36.14,59,720158,12206.1,84.7,-19925,12.354,36.14,,,
570,50,57,707591,12413.9,84.2,-19925,12.156,35.51,0,0,0,0,0,,,57,707591,12413.9,84.2,-19925,12.156,35.51,57,707591,12413.9,84.2,-19925,12.156,35.51,,,
580,50,48,637420,13279.6,81.2,-19925,11.049,31.99,0,0,0,0,0,,,48,637420,13279.6,81.2,-19925,11.049,31.99,48,637420,13279.6,81.2,-19925,11.049,31.99,,,
590,50,45,630962,14021.4,82.2,-19925,12.635,31.67,0,0,0,0,0,,,45,630962,14021.4,82.2,-19925,12.635,31.67,45,630962,14021.4,82.2,-19925,12.635,31.67,,,
600,50,42,597201,14219.1,83.3,-19925,12.843,29.97,0,0,0,0,0,,,42,597201,14219.1,83.3,-19925,12.843,29.97,42,597201,14219.1,83.3,-19925,12.843,29.97,,,
610,50,38,560383,14746.9,84.2,-11931,19.371,46.97,0,0,0,0,0,,,38,560383,14746.9,84.2,-11931,19.371,46.97,38,560383,14746.9,84.2,-11931,19.371,46.97,,,
620,50,37,534902,14456.8,83.8,-11931,18.536,44.83,0,0,0,0,0,,,37,534902,14456.8,83.8,-11931,18.536,44.83,37,534902,14456.8,83.8,-11931,18.536,44.83,,,
630,50,36,495534,13764.8,83.3,-11931,17.245,41.53,0,0,0,0,0,,,36,495534,13764.8,83.3,-11931,17.245,41.53,36,495534,13764.8,83.3,-11931,17.245,41.53,,,
640,50,33,478490,14499.7,84.8,-11931,17.966,40.1,0,0,0,0,0,,,33,478490,14499.7,84.8,-11931,17.966,40.1,33,478490,14499.7,84.8,-11931,17.966,40.1,,,
650,50,31,454150,14650.0,83.9,-11931,17.103,38.06,0,0,0,0,0,,,31,454150,14650.0,83.9,-11931,17.103,38.06,31,454150,14650.0,83.9,-11931,17.103,38.06,,,
